mean_fit_time,std_fit_time,mean_score_time,std_score_time,param_K,param_LL,param_N_latent,param_UL,param_alg,param_buff_size,param_contamination,param_db_treshold,param_eps,param_len_window,param_max_features,param_max_samples,param_min_samples,param_n_clusters,param_percentile_range,param_train_data,param_treshold,params,split0_test_score,split1_test_score,mean_test_score,std_test_score,rank_test_score
2.3458269834518433,0.45517051219940186,101.43686783313751,2.0791486501693726,8,-0.5,3,0.5,DBscan,100,0.01,0.2,0.2,500,1,10,100,2,"(1, 99)",../data/train2/ads-1.csv,0.5,"{'K': 8, 'LL': -0.5, 'N_latent': 3, 'UL': 0.5, 'alg': 'DBscan', 'buff_size': 100, 'contamination': 0.01, 'db_treshold': 0.2, 'eps': 0.2, 'len_window': 500, 'max_features': 1, 'max_samples': 10, 'min_samples': 100, 'n_clusters': 2, 'percentile_range': (1, 99), 'train_data': '../data/train2/ads-1.csv', 'treshold': 0.5}",0.007612456747404845,0.005252790544977019,0.006432623646190932,0.001179833101213913,14
1.9052008390426636,0.04171645641326904,126.78205716609955,7.177478909492493,8,-0.5,3,0.5,DBscan,100,0.01,0.2,0.4,500,1,10,100,2,"(1, 99)",../data/train2/ads-1.csv,0.5,"{'K': 8, 'LL': -0.5, 'N_latent': 3, 'UL': 0.5, 'alg': 'DBscan', 'buff_size': 100, 'contamination': 0.01, 'db_treshold': 0.2, 'eps': 0.4, 'len_window': 500, 'max_features': 1, 'max_samples': 10, 'min_samples': 100, 'n_clusters': 2, 'percentile_range': (1, 99), 'train_data': '../data/train2/ads-1.csv', 'treshold': 0.5}",0.009560229445506692,0.0051325919589392645,0.007346410702222979,0.002213818743283714,10
2.0303118228912354,0.046079397201538086,127.79328536987305,7.500751733779907,8,-0.5,3,0.5,DBscan,100,0.01,0.2,0.6000000000000001,500,1,10,100,2,"(1, 99)",../data/train2/ads-1.csv,0.5,"{'K': 8, 'LL': -0.5, 'N_latent': 3, 'UL': 0.5, 'alg': 'DBscan', 'buff_size': 100, 'contamination': 0.01, 'db_treshold': 0.2, 'eps': 0.6000000000000001, 'len_window': 500, 'max_features': 1, 'max_samples': 10, 'min_samples': 100, 'n_clusters': 2, 'percentile_range': (1, 99), 'train_data': '../data/train2/ads-1.csv', 'treshold': 0.5}",0.011464968152866241,0.006749156355455568,0.009107062254160905,0.0023579058987053367,4
2.121768355369568,0.05972731113433838,118.03398108482361,5.404983758926392,8,-0.5,3,0.5,DBscan,100,0.01,0.2,0.8,500,1,10,100,2,"(1, 99)",../data/train2/ads-1.csv,0.5,"{'K': 8, 'LL': -0.5, 'N_latent': 3, 'UL': 0.5, 'alg': 'DBscan', 'buff_size': 100, 'contamination': 0.01, 'db_treshold': 0.2, 'eps': 0.8, 'len_window': 500, 'max_features': 1, 'max_samples': 10, 'min_samples': 100, 'n_clusters': 2, 'percentile_range': (1, 99), 'train_data': '../data/train2/ads-1.csv', 'treshold': 0.5}",0.014084507042253521,0.007132667617689016,0.010608587329971268,0.0034759197122822528,1
1.8241121768951416,0.002196788787841797,92.13541162014008,2.138511061668396,8,-0.5,3,0.5,DBscan,100,0.01,0.4,0.2,500,1,10,100,2,"(1, 99)",../data/train2/ads-1.csv,0.5,"{'K': 8, 'LL': -0.5, 'N_latent': 3, 'UL': 0.5, 'alg': 'DBscan', 'buff_size': 100, 'contamination': 0.01, 'db_treshold': 0.4, 'eps': 0.2, 'len_window': 500, 'max_features': 1, 'max_samples': 10, 'min_samples': 100, 'n_clusters': 2, 'percentile_range': (1, 99), 'train_data': '../data/train2/ads-1.csv', 'treshold': 0.5}",0.007547169811320755,0.005751258087706686,0.00664921394951372,0.0008979558618070344,13
1.9262808561325073,0.05929076671600342,114.69569301605225,5.697307348251343,8,-0.5,3,0.5,DBscan,100,0.01,0.4,0.4,500,1,10,100,2,"(1, 99)",../data/train2/ads-1.csv,0.5,"{'K': 8, 'LL': -0.5, 'N_latent': 3, 'UL': 0.5, 'alg': 'DBscan', 'buff_size': 100, 'contamination': 0.01, 'db_treshold': 0.4, 'eps': 0.4, 'len_window': 500, 'max_features': 1, 'max_samples': 10, 'min_samples': 100, 'n_clusters': 2, 'percentile_range': (1, 99), 'train_data': '../data/train2/ads-1.csv', 'treshold': 0.5}",0.009345794392523364,0.004677268475210477,0.00701153143386692,0.0023342629586564434,11
2.0647356510162354,0.020483970642089844,114.44229674339294,6.679882049560547,8,-0.5,3,0.5,DBscan,100,0.01,0.4,0.6000000000000001,500,1,10,100,2,"(1, 99)",../data/train2/ads-1.csv,0.5,"{'K': 8, 'LL': -0.5, 'N_latent': 3, 'UL': 0.5, 'alg': 'DBscan', 'buff_size': 100, 'contamination': 0.01, 'db_treshold': 0.4, 'eps': 0.6000000000000001, 'len_window': 500, 'max_features': 1, 'max_samples': 10, 'min_samples': 100, 'n_clusters': 2, 'percentile_range': (1, 99), 'train_data': '../data/train2/ads-1.csv', 'treshold': 0.5}",0.011049723756906077,0.006112469437652812,0.008581096597279445,0.0024686271596266324,6
2.108327031135559,0.033638834953308105,101.60767948627472,4.923146367073059,8,-0.5,3,0.5,DBscan,100,0.01,0.4,0.8,500,1,10,100,2,"(1, 99)",../data/train2/ads-1.csv,0.5,"{'K': 8, 'LL': -0.5, 'N_latent': 3, 'UL': 0.5, 'alg': 'DBscan', 'buff_size': 100, 'contamination': 0.01, 'db_treshold': 0.4, 'eps': 0.8, 'len_window': 500, 'max_features': 1, 'max_samples': 10, 'min_samples': 100, 'n_clusters': 2, 'percentile_range': (1, 99), 'train_data': '../data/train2/ads-1.csv', 'treshold': 0.5}",0.013513513513513514,0.006191950464396285,0.0098527319889549,0.0036607815245586145,2
1.8156503438949585,0.01279914379119873,87.53814053535461,2.0922884941101074,8,-0.5,3,0.5,DBscan,100,0.01,0.6000000000000001,0.2,500,1,10,100,2,"(1, 99)",../data/train2/ads-1.csv,0.5,"{'K': 8, 'LL': -0.5, 'N_latent': 3, 'UL': 0.5, 'alg': 'DBscan', 'buff_size': 100, 'contamination': 0.01, 'db_treshold': 0.6000000000000001, 'eps': 0.2, 'len_window': 500, 'max_features': 1, 'max_samples': 10, 'min_samples': 100, 'n_clusters': 2, 'percentile_range': (1, 99), 'train_data': '../data/train2/ads-1.csv', 'treshold': 0.5}",0.007892659826361484,0.0045385779122541605,0.006215618869307823,0.001677040957053662,15
1.8852638006210327,0.010129332542419434,107.08246946334839,4.723085880279541,8,-0.5,3,0.5,DBscan,100,0.01,0.6000000000000001,0.4,500,1,10,100,2,"(1, 99)",../data/train2/ads-1.csv,0.5,"{'K': 8, 'LL': -0.5, 'N_latent': 3, 'UL': 0.5, 'alg': 'DBscan', 'buff_size': 100, 'contamination': 0.01, 'db_treshold': 0.6000000000000001, 'eps': 0.4, 'len_window': 500, 'max_features': 1, 'max_samples': 10, 'min_samples': 100, 'n_clusters': 2, 'percentile_range': (1, 99), 'train_data': '../data/train2/ads-1.csv', 'treshold': 0.5}",0.00995575221238938,0.004020100502512563,0.006987926357450972,0.0029678258549384086,12
2.046341896057129,0.024396657943725586,108.09061801433563,7.169516205787659,8,-0.5,3,0.5,DBscan,100,0.01,0.6000000000000001,0.6000000000000001,500,1,10,100,2,"(1, 99)",../data/train2/ads-1.csv,0.5,"{'K': 8, 'LL': -0.5, 'N_latent': 3, 'UL': 0.5, 'alg': 'DBscan', 'buff_size': 100, 'contamination': 0.01, 'db_treshold': 0.6000000000000001, 'eps': 0.6000000000000001, 'len_window': 500, 'max_features': 1, 'max_samples': 10, 'min_samples': 100, 'n_clusters': 2, 'percentile_range': (1, 99), 'train_data': '../data/train2/ads-1.csv', 'treshold': 0.5}",0.01171303074670571,0.005134788189987163,0.008423909468346437,0.003289121278359274,7
2.0624420642852783,0.030734777450561523,94.56549394130707,5.063070893287659,8,-0.5,3,0.5,DBscan,100,0.01,0.6000000000000001,0.8,500,1,10,100,2,"(1, 99)",../data/train2/ads-1.csv,0.5,"{'K': 8, 'LL': -0.5, 'N_latent': 3, 'UL': 0.5, 'alg': 'DBscan', 'buff_size': 100, 'contamination': 0.01, 'db_treshold': 0.6000000000000001, 'eps': 0.8, 'len_window': 500, 'max_features': 1, 'max_samples': 10, 'min_samples': 100, 'n_clusters': 2, 'percentile_range': (1, 99), 'train_data': '../data/train2/ads-1.csv', 'treshold': 0.5}",0.012681159420289856,0.004918032786885246,0.008799596103587552,0.0038815633167023048,5
1.8265024423599243,0.01821601390838623,83.52046585083008,1.9143152236938477,8,-0.5,3,0.5,DBscan,100,0.01,0.8,0.2,500,1,10,100,2,"(1, 99)",../data/train2/ads-1.csv,0.5,"{'K': 8, 'LL': -0.5, 'N_latent': 3, 'UL': 0.5, 'alg': 'DBscan', 'buff_size': 100, 'contamination': 0.01, 'db_treshold': 0.8, 'eps': 0.2, 'len_window': 500, 'max_features': 1, 'max_samples': 10, 'min_samples': 100, 'n_clusters': 2, 'percentile_range': (1, 99), 'train_data': '../data/train2/ads-1.csv', 'treshold': 0.5}",0.007481296758104738,0.0032025620496397116,0.005341929403872224,0.002139367354232513,16
1.989251732826233,0.07740628719329834,100.45878446102142,5.14848268032074,8,-0.5,3,0.5,DBscan,100,0.01,0.8,0.4,500,1,10,100,2,"(1, 99)",../data/train2/ads-1.csv,0.5,"{'K': 8, 'LL': -0.5, 'N_latent': 3, 'UL': 0.5, 'alg': 'DBscan', 'buff_size': 100, 'contamination': 0.01, 'db_treshold': 0.8, 'eps': 0.4, 'len_window': 500, 'max_features': 1, 'max_samples': 10, 'min_samples': 100, 'n_clusters': 2, 'percentile_range': (1, 99), 'train_data': '../data/train2/ads-1.csv', 'treshold': 0.5}",0.01060070671378092,0.004259850905218318,0.007430278809499619,0.003170427904281301,9
2.059232473373413,0.001758575439453125,101.856600522995,6.273038864135742,8,-0.5,3,0.5,DBscan,100,0.01,0.8,0.6000000000000001,500,1,10,100,2,"(1, 99)",../data/train2/ads-1.csv,0.5,"{'K': 8, 'LL': -0.5, 'N_latent': 3, 'UL': 0.5, 'alg': 'DBscan', 'buff_size': 100, 'contamination': 0.01, 'db_treshold': 0.8, 'eps': 0.6000000000000001, 'len_window': 500, 'max_features': 1, 'max_samples': 10, 'min_samples': 100, 'n_clusters': 2, 'percentile_range': (1, 99), 'train_data': '../data/train2/ads-1.csv', 'treshold': 0.5}",0.012326656394453005,0.004103967168262654,0.008215311781357829,0.004111344613095176,8
2.08505117893219,0.041175246238708496,89.66434919834137,4.72209894657135,8,-0.5,3,0.5,DBscan,100,0.01,0.8,0.8,500,1,10,100,2,"(1, 99)",../data/train2/ads-1.csv,0.5,"{'K': 8, 'LL': -0.5, 'N_latent': 3, 'UL': 0.5, 'alg': 'DBscan', 'buff_size': 100, 'contamination': 0.01, 'db_treshold': 0.8, 'eps': 0.8, 'len_window': 500, 'max_features': 1, 'max_samples': 10, 'min_samples': 100, 'n_clusters': 2, 'percentile_range': (1, 99), 'train_data': '../data/train2/ads-1.csv', 'treshold': 0.5}",0.013307984790874524,0.005172413793103448,0.009240199291988986,0.004067785498885538,3
1.8155313730239868,0.05754053592681885,0.48675334453582764,0.00018537044525146484,8,-0.5,3,0.5,DBscan,100,0.01,0.2,0.2,500,1,10,100,2,"(1, 99)",../data/train2/ads-2.csv,0.5,"{'K': 8, 'LL': -0.5, 'N_latent': 3, 'UL': 0.5, 'alg': 'DBscan', 'buff_size': 100, 'contamination': 0.01, 'db_treshold': 0.2, 'eps': 0.2, 'len_window': 500, 'max_features': 1, 'max_samples': 10, 'min_samples': 100, 'n_clusters': 2, 'percentile_range': (1, 99), 'train_data': '../data/train2/ads-2.csv', 'treshold': 0.5}",0.004775549188156638,0.008595988538681949,0.0066857688634192934,0.0019102196752626551,13
1.8632653951644897,0.040497660636901855,106.94290864467621,2.8608230352401733,8,-0.5,3,0.5,DBscan,100,0.01,0.2,0.4,500,1,10,100,2,"(1, 99)",../data/train2/ads-2.csv,0.5,"{'K': 8, 'LL': -0.5, 'N_latent': 3, 'UL': 0.5, 'alg': 'DBscan', 'buff_size': 100, 'contamination': 0.01, 'db_treshold': 0.2, 'eps': 0.4, 'len_window': 500, 'max_features': 1, 'max_samples': 10, 'min_samples': 100, 'n_clusters': 2, 'percentile_range': (1, 99), 'train_data': '../data/train2/ads-2.csv', 'treshold': 0.5}",0.007407407407407408,0.012441679626749611,0.00992454351707851,0.0025171361096711017,12
1.8521071672439575,0.0105208158493042,116.97176539897919,4.940752625465393,8,-0.5,3,0.5,DBscan,100,0.01,0.2,0.6000000000000001,500,1,10,100,2,"(1, 99)",../data/train2/ads-2.csv,0.5,"{'K': 8, 'LL': -0.5, 'N_latent': 3, 'UL': 0.5, 'alg': 'DBscan', 'buff_size': 100, 'contamination': 0.01, 'db_treshold': 0.2, 'eps': 0.6000000000000001, 'len_window': 500, 'max_features': 1, 'max_samples': 10, 'min_samples': 100, 'n_clusters': 2, 'percentile_range': (1, 99), 'train_data': '../data/train2/ads-2.csv', 'treshold': 0.5}",0.00903954802259887,0.014675052410901468,0.01185730021675017,0.002817752194151299,8
1.9108302593231201,0.013422727584838867,109.94404911994934,3.609349012374878,8,-0.5,3,0.5,DBscan,100,0.01,0.2,0.8,500,1,10,100,2,"(1, 99)",../data/train2/ads-2.csv,0.5,"{'K': 8, 'LL': -0.5, 'N_latent': 3, 'UL': 0.5, 'alg': 'DBscan', 'buff_size': 100, 'contamination': 0.01, 'db_treshold': 0.2, 'eps': 0.8, 'len_window': 500, 'max_features': 1, 'max_samples': 10, 'min_samples': 100, 'n_clusters': 2, 'percentile_range': (1, 99), 'train_data': '../data/train2/ads-2.csv', 'treshold': 0.5}",0.012326656394453005,0.015804597701149427,0.014065627047801215,0.0017389706533482109,2
1.7683616876602173,0.010382771492004395,0.4936865568161011,0.004994750022888184,8,-0.5,3,0.5,DBscan,100,0.01,0.4,0.2,500,1,10,100,2,"(1, 99)",../data/train2/ads-2.csv,0.5,"{'K': 8, 'LL': -0.5, 'N_latent': 3, 'UL': 0.5, 'alg': 'DBscan', 'buff_size': 100, 'contamination': 0.01, 'db_treshold': 0.4, 'eps': 0.2, 'len_window': 500, 'max_features': 1, 'max_samples': 10, 'min_samples': 100, 'n_clusters': 2, 'percentile_range': (1, 99), 'train_data': '../data/train2/ads-2.csv', 'treshold': 0.5}",0.004775549188156638,0.008595988538681949,0.0066857688634192934,0.0019102196752626551,13
1.8429069519042969,0.038928985595703125,94.85738050937653,3.120596766471863,8,-0.5,3,0.5,DBscan,100,0.01,0.4,0.4,500,1,10,100,2,"(1, 99)",../data/train2/ads-2.csv,0.5,"{'K': 8, 'LL': -0.5, 'N_latent': 3, 'UL': 0.5, 'alg': 'DBscan', 'buff_size': 100, 'contamination': 0.01, 'db_treshold': 0.4, 'eps': 0.4, 'len_window': 500, 'max_features': 1, 'max_samples': 10, 'min_samples': 100, 'n_clusters': 2, 'percentile_range': (1, 99), 'train_data': '../data/train2/ads-2.csv', 'treshold': 0.5}",0.008249312557286892,0.011965811965811967,0.010107562261549428,0.0018582497042625374,10
1.9327540397644043,0.03223752975463867,100.42655766010284,4.499909043312073,8,-0.5,3,0.5,DBscan,100,0.01,0.4,0.6000000000000001,500,1,10,100,2,"(1, 99)",../data/train2/ads-2.csv,0.5,"{'K': 8, 'LL': -0.5, 'N_latent': 3, 'UL': 0.5, 'alg': 'DBscan', 'buff_size': 100, 'contamination': 0.01, 'db_treshold': 0.4, 'eps': 0.6000000000000001, 'len_window': 500, 'max_features': 1, 'max_samples': 10, 'min_samples': 100, 'n_clusters': 2, 'percentile_range': (1, 99), 'train_data': '../data/train2/ads-2.csv', 'treshold': 0.5}",0.010296010296010296,0.015133876600698487,0.012714943448354391,0.0024189331523440955,5
1.93165123462677,0.04591333866119385,90.19922208786011,4.424515724182129,8,-0.5,3,0.5,DBscan,100,0.01,0.4,0.8,500,1,10,100,2,"(1, 99)",../data/train2/ads-2.csv,0.5,"{'K': 8, 'LL': -0.5, 'N_latent': 3, 'UL': 0.5, 'alg': 'DBscan', 'buff_size': 100, 'contamination': 0.01, 'db_treshold': 0.4, 'eps': 0.8, 'len_window': 500, 'max_features': 1, 'max_samples': 10, 'min_samples': 100, 'n_clusters': 2, 'percentile_range': (1, 99), 'train_data': '../data/train2/ads-2.csv', 'treshold': 0.5}",0.014134275618374558,0.016025641025641024,0.015079958322007791,0.000945682703633233,1
1.7468898296356201,0.010488271713256836,0.490817666053772,0.004226565361022949,8,-0.5,3,0.5,DBscan,100,0.01,0.6000000000000001,0.2,500,1,10,100,2,"(1, 99)",../data/train2/ads-2.csv,0.5,"{'K': 8, 'LL': -0.5, 'N_latent': 3, 'UL': 0.5, 'alg': 'DBscan', 'buff_size': 100, 'contamination': 0.01, 'db_treshold': 0.6000000000000001, 'eps': 0.2, 'len_window': 500, 'max_features': 1, 'max_samples': 10, 'min_samples': 100, 'n_clusters': 2, 'percentile_range': (1, 99), 'train_data': '../data/train2/ads-2.csv', 'treshold': 0.5}",0.004775549188156638,0.008595988538681949,0.0066857688634192934,0.0019102196752626551,13
1.8583694696426392,0.05254518985748291,87.6996636390686,3.1156187057495117,8,-0.5,3,0.5,DBscan,100,0.01,0.6000000000000001,0.4,500,1,10,100,2,"(1, 99)",../data/train2/ads-2.csv,0.5,"{'K': 8, 'LL': -0.5, 'N_latent': 3, 'UL': 0.5, 'alg': 'DBscan', 'buff_size': 100, 'contamination': 0.01, 'db_treshold': 0.6000000000000001, 'eps': 0.4, 'len_window': 500, 'max_features': 1, 'max_samples': 10, 'min_samples': 100, 'n_clusters': 2, 'percentile_range': (1, 99), 'train_data': '../data/train2/ads-2.csv', 'treshold': 0.5}",0.007944389275074478,0.012025901942645698,0.009985145608860088,0.0020407563337856097,11
1.9022482633590698,0.031783223152160645,91.17736601829529,3.411318778991699,8,-0.5,3,0.5,DBscan,100,0.01,0.6000000000000001,0.6000000000000001,500,1,10,100,2,"(1, 99)",../data/train2/ads-2.csv,0.5,"{'K': 8, 'LL': -0.5, 'N_latent': 3, 'UL': 0.5, 'alg': 'DBscan', 'buff_size': 100, 'contamination': 0.01, 'db_treshold': 0.6000000000000001, 'eps': 0.6000000000000001, 'len_window': 500, 'max_features': 1, 'max_samples': 10, 'min_samples': 100, 'n_clusters': 2, 'percentile_range': (1, 99), 'train_data': '../data/train2/ads-2.csv', 'treshold': 0.5}",0.011004126547455296,0.014102564102564103,0.0125533453250097,0.0015492187775544035,6
1.9456415176391602,0.05250191688537598,80.166188955307,2.9327402114868164,8,-0.5,3,0.5,DBscan,100,0.01,0.6000000000000001,0.8,500,1,10,100,2,"(1, 99)",../data/train2/ads-2.csv,0.5,"{'K': 8, 'LL': -0.5, 'N_latent': 3, 'UL': 0.5, 'alg': 'DBscan', 'buff_size': 100, 'contamination': 0.01, 'db_treshold': 0.6000000000000001, 'eps': 0.8, 'len_window': 500, 'max_features': 1, 'max_samples': 10, 'min_samples': 100, 'n_clusters': 2, 'percentile_range': (1, 99), 'train_data': '../data/train2/ads-2.csv', 'treshold': 0.5}",0.01532567049808429,0.012477718360071301,0.013901694429077797,0.0014239760690064945,4
1.748063325881958,0.010655641555786133,0.4818371534347534,0.0019234418869018555,8,-0.5,3,0.5,DBscan,100,0.01,0.8,0.2,500,1,10,100,2,"(1, 99)",../data/train2/ads-2.csv,0.5,"{'K': 8, 'LL': -0.5, 'N_latent': 3, 'UL': 0.5, 'alg': 'DBscan', 'buff_size': 100, 'contamination': 0.01, 'db_treshold': 0.8, 'eps': 0.2, 'len_window': 500, 'max_features': 1, 'max_samples': 10, 'min_samples': 100, 'n_clusters': 2, 'percentile_range': (1, 99), 'train_data': '../data/train2/ads-2.csv', 'treshold': 0.5}",0.004775549188156638,0.008595988538681949,0.0066857688634192934,0.0019102196752626551,13
1.8607895374298096,0.035643815994262695,81.96651220321655,2.2419300079345703,8,-0.5,3,0.5,DBscan,100,0.01,0.8,0.4,500,1,10,100,2,"(1, 99)",../data/train2/ads-2.csv,0.5,"{'K': 8, 'LL': -0.5, 'N_latent': 3, 'UL': 0.5, 'alg': 'DBscan', 'buff_size': 100, 'contamination': 0.01, 'db_treshold': 0.8, 'eps': 0.4, 'len_window': 500, 'max_features': 1, 'max_samples': 10, 'min_samples': 100, 'n_clusters': 2, 'percentile_range': (1, 99), 'train_data': '../data/train2/ads-2.csv', 'treshold': 0.5}",0.008350730688935281,0.011892963330029732,0.010121847009482507,0.0017711163205472256,9
1.9086666107177734,0.041310787200927734,84.51054573059082,2.7427785396575928,8,-0.5,3,0.5,DBscan,100,0.01,0.8,0.6000000000000001,500,1,10,100,2,"(1, 99)",../data/train2/ads-2.csv,0.5,"{'K': 8, 'LL': -0.5, 'N_latent': 3, 'UL': 0.5, 'alg': 'DBscan', 'buff_size': 100, 'contamination': 0.01, 'db_treshold': 0.8, 'eps': 0.6000000000000001, 'len_window': 500, 'max_features': 1, 'max_samples': 10, 'min_samples': 100, 'n_clusters': 2, 'percentile_range': (1, 99), 'train_data': '../data/train2/ads-2.csv', 'treshold': 0.5}",0.011851851851851851,0.012362637362637362,0.012107244607244607,0.0002553927553927554,7
1.935760259628296,0.043524742126464844,73.71162641048431,2.4083272218704224,8,-0.5,3,0.5,DBscan,100,0.01,0.8,0.8,500,1,10,100,2,"(1, 99)",../data/train2/ads-2.csv,0.5,"{'K': 8, 'LL': -0.5, 'N_latent': 3, 'UL': 0.5, 'alg': 'DBscan', 'buff_size': 100, 'contamination': 0.01, 'db_treshold': 0.8, 'eps': 0.8, 'len_window': 500, 'max_features': 1, 'max_samples': 10, 'min_samples': 100, 'n_clusters': 2, 'percentile_range': (1, 99), 'train_data': '../data/train2/ads-2.csv', 'treshold': 0.5}",0.01440329218106996,0.013435700575815739,0.01391949637844285,0.00048379580262711015,3
1.7460365295410156,0.0065495967864990234,0.48583126068115234,0.002685546875,8,-0.5,3,0.5,DBscan,100,0.01,0.2,0.2,500,1,10,100,2,"(1, 99)",../data/train2/ads-3.csv,0.5,"{'K': 8, 'LL': -0.5, 'N_latent': 3, 'UL': 0.5, 'alg': 'DBscan', 'buff_size': 100, 'contamination': 0.01, 'db_treshold': 0.2, 'eps': 0.2, 'len_window': 500, 'max_features': 1, 'max_samples': 10, 'min_samples': 100, 'n_clusters': 2, 'percentile_range': (1, 99), 'train_data': '../data/train2/ads-3.csv', 'treshold': 0.5}",0.0062082139446036294,0.0062082139446036294,0.0062082139446036294,0.0,13
1.77505624294281,0.012292027473449707,59.90518772602081,0.7567151784896851,8,-0.5,3,0.5,DBscan,100,0.01,0.2,0.4,500,1,10,100,2,"(1, 99)",../data/train2/ads-3.csv,0.5,"{'K': 8, 'LL': -0.5, 'N_latent': 3, 'UL': 0.5, 'alg': 'DBscan', 'buff_size': 100, 'contamination': 0.01, 'db_treshold': 0.2, 'eps': 0.4, 'len_window': 500, 'max_features': 1, 'max_samples': 10, 'min_samples': 100, 'n_clusters': 2, 'percentile_range': (1, 99), 'train_data': '../data/train2/ads-3.csv', 'treshold': 0.5}",0.007975460122699387,0.006555423122765197,0.007265441622732292,0.0007100184999670953,12
1.8667532205581665,0.03511631488800049,114.13045525550842,2.6567325592041016,8,-0.5,3,0.5,DBscan,100,0.01,0.2,0.6000000000000001,500,1,10,100,2,"(1, 99)",../data/train2/ads-3.csv,0.5,"{'K': 8, 'LL': -0.5, 'N_latent': 3, 'UL': 0.5, 'alg': 'DBscan', 'buff_size': 100, 'contamination': 0.01, 'db_treshold': 0.2, 'eps': 0.6000000000000001, 'len_window': 500, 'max_features': 1, 'max_samples': 10, 'min_samples': 100, 'n_clusters': 2, 'percentile_range': (1, 99), 'train_data': '../data/train2/ads-3.csv', 'treshold': 0.5}",0.009883198562443846,0.009556907037358819,0.009720052799901333,0.00016314576254251346,8
1.875969409942627,0.0417325496673584,115.56056308746338,1.1359424591064453,8,-0.5,3,0.5,DBscan,100,0.01,0.2,0.8,500,1,10,100,2,"(1, 99)",../data/train2/ads-3.csv,0.5,"{'K': 8, 'LL': -0.5, 'N_latent': 3, 'UL': 0.5, 'alg': 'DBscan', 'buff_size': 100, 'contamination': 0.01, 'db_treshold': 0.2, 'eps': 0.8, 'len_window': 500, 'max_features': 1, 'max_samples': 10, 'min_samples': 100, 'n_clusters': 2, 'percentile_range': (1, 99), 'train_data': '../data/train2/ads-3.csv', 'treshold': 0.5}",0.0136986301369863,0.013563501849568433,0.013631065993277368,6.756414370893363e-05,4
1.798185110092163,0.039170265197753906,0.4936697483062744,0.00018906593322753906,8,-0.5,3,0.5,DBscan,100,0.01,0.4,0.2,500,1,10,100,2,"(1, 99)",../data/train2/ads-3.csv,0.5,"{'K': 8, 'LL': -0.5, 'N_latent': 3, 'UL': 0.5, 'alg': 'DBscan', 'buff_size': 100, 'contamination': 0.01, 'db_treshold': 0.4, 'eps': 0.2, 'len_window': 500, 'max_features': 1, 'max_samples': 10, 'min_samples': 100, 'n_clusters': 2, 'percentile_range': (1, 99), 'train_data': '../data/train2/ads-3.csv', 'treshold': 0.5}",0.0062082139446036294,0.0062082139446036294,0.0062082139446036294,0.0,13
1.8052616119384766,0.004279375076293945,54.35763347148895,0.7230168581008911,8,-0.5,3,0.5,DBscan,100,0.01,0.4,0.4,500,1,10,100,2,"(1, 99)",../data/train2/ads-3.csv,0.5,"{'K': 8, 'LL': -0.5, 'N_latent': 3, 'UL': 0.5, 'alg': 'DBscan', 'buff_size': 100, 'contamination': 0.01, 'db_treshold': 0.4, 'eps': 0.4, 'len_window': 500, 'max_features': 1, 'max_samples': 10, 'min_samples': 100, 'n_clusters': 2, 'percentile_range': (1, 99), 'train_data': '../data/train2/ads-3.csv', 'treshold': 0.5}",0.008813559322033898,0.007208387942332897,0.008010973632183397,0.0008025856898505006,10
1.8568100929260254,0.03560018539428711,97.12545669078827,1.0916134119033813,8,-0.5,3,0.5,DBscan,100,0.01,0.4,0.6000000000000001,500,1,10,100,2,"(1, 99)",../data/train2/ads-3.csv,0.5,"{'K': 8, 'LL': -0.5, 'N_latent': 3, 'UL': 0.5, 'alg': 'DBscan', 'buff_size': 100, 'contamination': 0.01, 'db_treshold': 0.4, 'eps': 0.6000000000000001, 'len_window': 500, 'max_features': 1, 'max_samples': 10, 'min_samples': 100, 'n_clusters': 2, 'percentile_range': (1, 99), 'train_data': '../data/train2/ads-3.csv', 'treshold': 0.5}",0.011224489795918367,0.011011011011011011,0.011117750403464688,0.00010673939245367785,7
1.8934351205825806,0.06147611141204834,93.09397792816162,1.4265825748443604,8,-0.5,3,0.5,DBscan,100,0.01,0.4,0.8,500,1,10,100,2,"(1, 99)",../data/train2/ads-3.csv,0.5,"{'K': 8, 'LL': -0.5, 'N_latent': 3, 'UL': 0.5, 'alg': 'DBscan', 'buff_size': 100, 'contamination': 0.01, 'db_treshold': 0.4, 'eps': 0.8, 'len_window': 500, 'max_features': 1, 'max_samples': 10, 'min_samples': 100, 'n_clusters': 2, 'percentile_range': (1, 99), 'train_data': '../data/train2/ads-3.csv', 'treshold': 0.5}",0.01337295690936107,0.015759312320916905,0.014566134615138986,0.001193177705777918,3
1.7781648635864258,0.04339909553527832,0.48831796646118164,0.005443572998046875,8,-0.5,3,0.5,DBscan,100,0.01,0.6000000000000001,0.2,500,1,10,100,2,"(1, 99)",../data/train2/ads-3.csv,0.5,"{'K': 8, 'LL': -0.5, 'N_latent': 3, 'UL': 0.5, 'alg': 'DBscan', 'buff_size': 100, 'contamination': 0.01, 'db_treshold': 0.6000000000000001, 'eps': 0.2, 'len_window': 500, 'max_features': 1, 'max_samples': 10, 'min_samples': 100, 'n_clusters': 2, 'percentile_range': (1, 99), 'train_data': '../data/train2/ads-3.csv', 'treshold': 0.5}",0.0062082139446036294,0.0062082139446036294,0.0062082139446036294,0.0,13
1.775641679763794,0.011108875274658203,49.779162526130676,0.6607166528701782,8,-0.5,3,0.5,DBscan,100,0.01,0.6000000000000001,0.4,500,1,10,100,2,"(1, 99)",../data/train2/ads-3.csv,0.5,"{'K': 8, 'LL': -0.5, 'N_latent': 3, 'UL': 0.5, 'alg': 'DBscan', 'buff_size': 100, 'contamination': 0.01, 'db_treshold': 0.6000000000000001, 'eps': 0.4, 'len_window': 500, 'max_features': 1, 'max_samples': 10, 'min_samples': 100, 'n_clusters': 2, 'percentile_range': (1, 99), 'train_data': '../data/train2/ads-3.csv', 'treshold': 0.5}",0.008088235294117648,0.007902298850574713,0.007995267072346181,9.29682217714672e-05,11
1.8540798425674438,0.028174757957458496,87.1701729297638,1.6172268390655518,8,-0.5,3,0.5,DBscan,100,0.01,0.6000000000000001,0.6000000000000001,500,1,10,100,2,"(1, 99)",../data/train2/ads-3.csv,0.5,"{'K': 8, 'LL': -0.5, 'N_latent': 3, 'UL': 0.5, 'alg': 'DBscan', 'buff_size': 100, 'contamination': 0.01, 'db_treshold': 0.6000000000000001, 'eps': 0.6000000000000001, 'len_window': 500, 'max_features': 1, 'max_samples': 10, 'min_samples': 100, 'n_clusters': 2, 'percentile_range': (1, 99), 'train_data': '../data/train2/ads-3.csv', 'treshold': 0.5}",0.012485811577752554,0.012087912087912088,0.01228686183283232,0.00019894974492023262,6
1.8997758626937866,0.021412014961242676,82.38874518871307,1.0924519300460815,8,-0.5,3,0.5,DBscan,100,0.01,0.6000000000000001,0.8,500,1,10,100,2,"(1, 99)",../data/train2/ads-3.csv,0.5,"{'K': 8, 'LL': -0.5, 'N_latent': 3, 'UL': 0.5, 'alg': 'DBscan', 'buff_size': 100, 'contamination': 0.01, 'db_treshold': 0.6000000000000001, 'eps': 0.8, 'len_window': 500, 'max_features': 1, 'max_samples': 10, 'min_samples': 100, 'n_clusters': 2, 'percentile_range': (1, 99), 'train_data': '../data/train2/ads-3.csv', 'treshold': 0.5}",0.014563106796116505,0.017350157728706624,0.015956632262411563,0.0013935254662950595,1
1.7919859886169434,0.026384353637695312,0.4944835901260376,0.013852238655090332,8,-0.5,3,0.5,DBscan,100,0.01,0.8,0.2,500,1,10,100,2,"(1, 99)",../data/train2/ads-3.csv,0.5,"{'K': 8, 'LL': -0.5, 'N_latent': 3, 'UL': 0.5, 'alg': 'DBscan', 'buff_size': 100, 'contamination': 0.01, 'db_treshold': 0.8, 'eps': 0.2, 'len_window': 500, 'max_features': 1, 'max_samples': 10, 'min_samples': 100, 'n_clusters': 2, 'percentile_range': (1, 99), 'train_data': '../data/train2/ads-3.csv', 'treshold': 0.5}",0.0062082139446036294,0.0062082139446036294,0.0062082139446036294,0.0,13
1.772892713546753,0.015857219696044922,46.28085649013519,0.8153699636459351,8,-0.5,3,0.5,DBscan,100,0.01,0.8,0.4,500,1,10,100,2,"(1, 99)",../data/train2/ads-3.csv,0.5,"{'K': 8, 'LL': -0.5, 'N_latent': 3, 'UL': 0.5, 'alg': 'DBscan', 'buff_size': 100, 'contamination': 0.01, 'db_treshold': 0.8, 'eps': 0.4, 'len_window': 500, 'max_features': 1, 'max_samples': 10, 'min_samples': 100, 'n_clusters': 2, 'percentile_range': (1, 99), 'train_data': '../data/train2/ads-3.csv', 'treshold': 0.5}",0.008600469116497263,0.00844205679201842,0.008521262954257841,7.920616223942162e-05,9
1.802366018295288,0.006902933120727539,80.53925693035126,0.6902526617050171,8,-0.5,3,0.5,DBscan,100,0.01,0.8,0.6000000000000001,500,1,10,100,2,"(1, 99)",../data/train2/ads-3.csv,0.5,"{'K': 8, 'LL': -0.5, 'N_latent': 3, 'UL': 0.5, 'alg': 'DBscan', 'buff_size': 100, 'contamination': 0.01, 'db_treshold': 0.8, 'eps': 0.6000000000000001, 'len_window': 500, 'max_features': 1, 'max_samples': 10, 'min_samples': 100, 'n_clusters': 2, 'percentile_range': (1, 99), 'train_data': '../data/train2/ads-3.csv', 'treshold': 0.5}",0.013268998793727383,0.013064133016627079,0.01316656590517723,0.00010243288855015225,5
1.8957043886184692,0.054380059242248535,74.80010032653809,1.1133110523223877,8,-0.5,3,0.5,DBscan,100,0.01,0.8,0.8,500,1,10,100,2,"(1, 99)",../data/train2/ads-3.csv,0.5,"{'K': 8, 'LL': -0.5, 'N_latent': 3, 'UL': 0.5, 'alg': 'DBscan', 'buff_size': 100, 'contamination': 0.01, 'db_treshold': 0.8, 'eps': 0.8, 'len_window': 500, 'max_features': 1, 'max_samples': 10, 'min_samples': 100, 'n_clusters': 2, 'percentile_range': (1, 99), 'train_data': '../data/train2/ads-3.csv', 'treshold': 0.5}",0.0125,0.019130434782608695,0.01581521739130435,0.003315217391304347,2
1.8028910160064697,0.05533599853515625,0.49269843101501465,0.0006000995635986328,8,-0.5,3,0.5,DBscan,100,0.01,0.2,0.2,500,1,10,100,2,"(1, 99)",../data/train2/ads-4.csv,0.5,"{'K': 8, 'LL': -0.5, 'N_latent': 3, 'UL': 0.5, 'alg': 'DBscan', 'buff_size': 100, 'contamination': 0.01, 'db_treshold': 0.2, 'eps': 0.2, 'len_window': 500, 'max_features': 1, 'max_samples': 10, 'min_samples': 100, 'n_clusters': 2, 'percentile_range': (1, 99), 'train_data': '../data/train2/ads-4.csv', 'treshold': 0.5}",0.008118433619866285,0.0066857688634192934,0.007402101241642789,0.0007163323782234956,13
1.7631797790527344,0.0022423267364501953,0.7245868444442749,0.0019303560256958008,8,-0.5,3,0.5,DBscan,100,0.01,0.2,0.4,500,1,10,100,2,"(1, 99)",../data/train2/ads-4.csv,0.5,"{'K': 8, 'LL': -0.5, 'N_latent': 3, 'UL': 0.5, 'alg': 'DBscan', 'buff_size': 100, 'contamination': 0.01, 'db_treshold': 0.2, 'eps': 0.4, 'len_window': 500, 'max_features': 1, 'max_samples': 10, 'min_samples': 100, 'n_clusters': 2, 'percentile_range': (1, 99), 'train_data': '../data/train2/ads-4.csv', 'treshold': 0.5}",0.008137865007180469,0.006701771182383916,0.007419818094782192,0.0007180469123982767,12
1.8323701620101929,0.05327880382537842,98.07354521751404,1.1320266723632812,8,-0.5,3,0.5,DBscan,100,0.01,0.2,0.6000000000000001,500,1,10,100,2,"(1, 99)",../data/train2/ads-4.csv,0.5,"{'K': 8, 'LL': -0.5, 'N_latent': 3, 'UL': 0.5, 'alg': 'DBscan', 'buff_size': 100, 'contamination': 0.01, 'db_treshold': 0.2, 'eps': 0.6000000000000001, 'len_window': 500, 'max_features': 1, 'max_samples': 10, 'min_samples': 100, 'n_clusters': 2, 'percentile_range': (1, 99), 'train_data': '../data/train2/ads-4.csv', 'treshold': 0.5}",0.011627906976744186,0.0099644128113879,0.010796159894066043,0.0008317470826781428,8
1.8804535865783691,0.03377389907836914,118.5908260345459,1.7660963535308838,8,-0.5,3,0.5,DBscan,100,0.01,0.2,0.8,500,1,10,100,2,"(1, 99)",../data/train2/ads-4.csv,0.5,"{'K': 8, 'LL': -0.5, 'N_latent': 3, 'UL': 0.5, 'alg': 'DBscan', 'buff_size': 100, 'contamination': 0.01, 'db_treshold': 0.2, 'eps': 0.8, 'len_window': 500, 'max_features': 1, 'max_samples': 10, 'min_samples': 100, 'n_clusters': 2, 'percentile_range': (1, 99), 'train_data': '../data/train2/ads-4.csv', 'treshold': 0.5}",0.016842105263157894,0.014300306435137897,0.015571205849147896,0.0012708994140099988,4
1.7668440341949463,0.0364077091217041,0.49103689193725586,0.007069110870361328,8,-0.5,3,0.5,DBscan,100,0.01,0.4,0.2,500,1,10,100,2,"(1, 99)",../data/train2/ads-4.csv,0.5,"{'K': 8, 'LL': -0.5, 'N_latent': 3, 'UL': 0.5, 'alg': 'DBscan', 'buff_size': 100, 'contamination': 0.01, 'db_treshold': 0.4, 'eps': 0.2, 'len_window': 500, 'max_features': 1, 'max_samples': 10, 'min_samples': 100, 'n_clusters': 2, 'percentile_range': (1, 99), 'train_data': '../data/train2/ads-4.csv', 'treshold': 0.5}",0.008118433619866285,0.0066857688634192934,0.007402101241642789,0.0007163323782234956,13
1.7394050359725952,0.001738429069519043,0.7227816581726074,0.00932455062866211,8,-0.5,3,0.5,DBscan,100,0.01,0.4,0.4,500,1,10,100,2,"(1, 99)",../data/train2/ads-4.csv,0.5,"{'K': 8, 'LL': -0.5, 'N_latent': 3, 'UL': 0.5, 'alg': 'DBscan', 'buff_size': 100, 'contamination': 0.01, 'db_treshold': 0.4, 'eps': 0.4, 'len_window': 500, 'max_features': 1, 'max_samples': 10, 'min_samples': 100, 'n_clusters': 2, 'percentile_range': (1, 99), 'train_data': '../data/train2/ads-4.csv', 'treshold': 0.5}",0.008180943214629451,0.006734006734006734,0.007457474974318092,0.0007234682403113586,11
1.8456344604492188,0.03943634033203125,85.05627071857452,1.6165233850479126,8,-0.5,3,0.5,DBscan,100,0.01,0.4,0.6000000000000001,500,1,10,100,2,"(1, 99)",../data/train2/ads-4.csv,0.5,"{'K': 8, 'LL': -0.5, 'N_latent': 3, 'UL': 0.5, 'alg': 'DBscan', 'buff_size': 100, 'contamination': 0.01, 'db_treshold': 0.4, 'eps': 0.6000000000000001, 'len_window': 500, 'max_features': 1, 'max_samples': 10, 'min_samples': 100, 'n_clusters': 2, 'percentile_range': (1, 99), 'train_data': '../data/train2/ads-4.csv', 'treshold': 0.5}",0.013490725126475547,0.011336032388663968,0.012413378757569758,0.0010773463689057895,7
1.813518762588501,0.007624626159667969,97.99859118461609,2.3801167011260986,8,-0.5,3,0.5,DBscan,100,0.01,0.4,0.8,500,1,10,100,2,"(1, 99)",../data/train2/ads-4.csv,0.5,"{'K': 8, 'LL': -0.5, 'N_latent': 3, 'UL': 0.5, 'alg': 'DBscan', 'buff_size': 100, 'contamination': 0.01, 'db_treshold': 0.4, 'eps': 0.8, 'len_window': 500, 'max_features': 1, 'max_samples': 10, 'min_samples': 100, 'n_clusters': 2, 'percentile_range': (1, 99), 'train_data': '../data/train2/ads-4.csv', 'treshold': 0.5}",0.01820388349514563,0.016073478760045924,0.017138681127595777,0.0010652023675498529,1
1.740354061126709,0.005856990814208984,0.4918632507324219,0.0002334117889404297,8,-0.5,3,0.5,DBscan,100,0.01,0.6000000000000001,0.2,500,1,10,100,2,"(1, 99)",../data/train2/ads-4.csv,0.5,"{'K': 8, 'LL': -0.5, 'N_latent': 3, 'UL': 0.5, 'alg': 'DBscan', 'buff_size': 100, 'contamination': 0.01, 'db_treshold': 0.6000000000000001, 'eps': 0.2, 'len_window': 500, 'max_features': 1, 'max_samples': 10, 'min_samples': 100, 'n_clusters': 2, 'percentile_range': (1, 99), 'train_data': '../data/train2/ads-4.csv', 'treshold': 0.5}",0.008118433619866285,0.0066857688634192934,0.007402101241642789,0.0007163323782234956,13
1.7705267667770386,0.002470850944519043,0.7436109781265259,0.004024386405944824,8,-0.5,3,0.5,DBscan,100,0.01,0.6000000000000001,0.4,500,1,10,100,2,"(1, 99)",../data/train2/ads-4.csv,0.5,"{'K': 8, 'LL': -0.5, 'N_latent': 3, 'UL': 0.5, 'alg': 'DBscan', 'buff_size': 100, 'contamination': 0.01, 'db_treshold': 0.6000000000000001, 'eps': 0.4, 'len_window': 500, 'max_features': 1, 'max_samples': 10, 'min_samples': 100, 'n_clusters': 2, 'percentile_range': (1, 99), 'train_data': '../data/train2/ads-4.csv', 'treshold': 0.5}",0.008244422890397672,0.006796116504854369,0.007520269697626021,0.0007241531927716515,10
1.8395183086395264,0.06314682960510254,75.50774419307709,1.4073654413223267,8,-0.5,3,0.5,DBscan,100,0.01,0.6000000000000001,0.6000000000000001,500,1,10,100,2,"(1, 99)",../data/train2/ads-4.csv,0.5,"{'K': 8, 'LL': -0.5, 'N_latent': 3, 'UL': 0.5, 'alg': 'DBscan', 'buff_size': 100, 'contamination': 0.01, 'db_treshold': 0.6000000000000001, 'eps': 0.6000000000000001, 'len_window': 500, 'max_features': 1, 'max_samples': 10, 'min_samples': 100, 'n_clusters': 2, 'percentile_range': (1, 99), 'train_data': '../data/train2/ads-4.csv', 'treshold': 0.5}",0.015108593012275733,0.012658227848101266,0.013883410430188498,0.0012251825820872335,6
1.8601665496826172,0.042813777923583984,87.70698630809784,2.794387698173523,8,-0.5,3,0.5,DBscan,100,0.01,0.6000000000000001,0.8,500,1,10,100,2,"(1, 99)",../data/train2/ads-4.csv,0.5,"{'K': 8, 'LL': -0.5, 'N_latent': 3, 'UL': 0.5, 'alg': 'DBscan', 'buff_size': 100, 'contamination': 0.01, 'db_treshold': 0.6000000000000001, 'eps': 0.8, 'len_window': 500, 'max_features': 1, 'max_samples': 10, 'min_samples': 100, 'n_clusters': 2, 'percentile_range': (1, 99), 'train_data': '../data/train2/ads-4.csv', 'treshold': 0.5}",0.017333333333333333,0.01643489254108723,0.01688411293721028,0.0004492203961230512,2
1.7270383834838867,0.00012493133544921875,0.4935479164123535,0.011624574661254883,8,-0.5,3,0.5,DBscan,100,0.01,0.8,0.2,500,1,10,100,2,"(1, 99)",../data/train2/ads-4.csv,0.5,"{'K': 8, 'LL': -0.5, 'N_latent': 3, 'UL': 0.5, 'alg': 'DBscan', 'buff_size': 100, 'contamination': 0.01, 'db_treshold': 0.8, 'eps': 0.2, 'len_window': 500, 'max_features': 1, 'max_samples': 10, 'min_samples': 100, 'n_clusters': 2, 'percentile_range': (1, 99), 'train_data': '../data/train2/ads-4.csv', 'treshold': 0.5}",0.008118433619866285,0.0066857688634192934,0.007402101241642789,0.0007163323782234956,13
1.784754991531372,0.04495549201965332,0.705612301826477,0.001625657081604004,8,-0.5,3,0.5,DBscan,100,0.01,0.8,0.4,500,1,10,100,2,"(1, 99)",../data/train2/ads-4.csv,0.5,"{'K': 8, 'LL': -0.5, 'N_latent': 3, 'UL': 0.5, 'alg': 'DBscan', 'buff_size': 100, 'contamination': 0.01, 'db_treshold': 0.8, 'eps': 0.4, 'len_window': 500, 'max_features': 1, 'max_samples': 10, 'min_samples': 100, 'n_clusters': 2, 'percentile_range': (1, 99), 'train_data': '../data/train2/ads-4.csv', 'treshold': 0.5}",0.008321096426823299,0.00684931506849315,0.007585205747658225,0.0007358906791650743,9
1.8316023349761963,0.05442333221435547,69.35996556282043,1.4080686569213867,8,-0.5,3,0.5,DBscan,100,0.01,0.8,0.6000000000000001,500,1,10,100,2,"(1, 99)",../data/train2/ads-4.csv,0.5,"{'K': 8, 'LL': -0.5, 'N_latent': 3, 'UL': 0.5, 'alg': 'DBscan', 'buff_size': 100, 'contamination': 0.01, 'db_treshold': 0.8, 'eps': 0.6000000000000001, 'len_window': 500, 'max_features': 1, 'max_samples': 10, 'min_samples': 100, 'n_clusters': 2, 'percentile_range': (1, 99), 'train_data': '../data/train2/ads-4.csv', 'treshold': 0.5}",0.015416238437821172,0.013820335636722606,0.01461828703727189,0.0007979514005492828,5
1.8123950958251953,0.00483250617980957,80.22350835800171,1.6769416332244873,8,-0.5,3,0.5,DBscan,100,0.01,0.8,0.8,500,1,10,100,2,"(1, 99)",../data/train2/ads-4.csv,0.5,"{'K': 8, 'LL': -0.5, 'N_latent': 3, 'UL': 0.5, 'alg': 'DBscan', 'buff_size': 100, 'contamination': 0.01, 'db_treshold': 0.8, 'eps': 0.8, 'len_window': 500, 'max_features': 1, 'max_samples': 10, 'min_samples': 100, 'n_clusters': 2, 'percentile_range': (1, 99), 'train_data': '../data/train2/ads-4.csv', 'treshold': 0.5}",0.014245014245014245,0.01780821917808219,0.016026616711548217,0.001781602466533973,3
1.7229262590408325,0.0003064870834350586,0.48563051223754883,0.0006289482116699219,8,-0.5,3,0.5,DBscan,100,0.01,0.2,0.2,500,1,10,100,2,"(1, 99)",../data/train2/ads-5.csv,0.5,"{'K': 8, 'LL': -0.5, 'N_latent': 3, 'UL': 0.5, 'alg': 'DBscan', 'buff_size': 100, 'contamination': 0.01, 'db_treshold': 0.2, 'eps': 0.2, 'len_window': 500, 'max_features': 1, 'max_samples': 10, 'min_samples': 100, 'n_clusters': 2, 'percentile_range': (1, 99), 'train_data': '../data/train2/ads-5.csv', 'treshold': 0.5}",0.0066857688634192934,0.009551098376313277,0.008118433619866285,0.0014326647564469916,9
1.7809268236160278,0.0477219820022583,0.48061835765838623,6.449222564697266e-05,8,-0.5,3,0.5,DBscan,100,0.01,0.2,0.4,500,1,10,100,2,"(1, 99)",../data/train2/ads-5.csv,0.5,"{'K': 8, 'LL': -0.5, 'N_latent': 3, 'UL': 0.5, 'alg': 'DBscan', 'buff_size': 100, 'contamination': 0.01, 'db_treshold': 0.2, 'eps': 0.4, 'len_window': 500, 'max_features': 1, 'max_samples': 10, 'min_samples': 100, 'n_clusters': 2, 'percentile_range': (1, 99), 'train_data': '../data/train2/ads-5.csv', 'treshold': 0.5}",0.0066857688634192934,0.009551098376313277,0.008118433619866285,0.0014326647564469916,9
1.7693747282028198,0.01272594928741455,44.82950174808502,0.4591914415359497,8,-0.5,3,0.5,DBscan,100,0.01,0.2,0.6000000000000001,500,1,10,100,2,"(1, 99)",../data/train2/ads-5.csv,0.5,"{'K': 8, 'LL': -0.5, 'N_latent': 3, 'UL': 0.5, 'alg': 'DBscan', 'buff_size': 100, 'contamination': 0.01, 'db_treshold': 0.2, 'eps': 0.6000000000000001, 'len_window': 500, 'max_features': 1, 'max_samples': 10, 'min_samples': 100, 'n_clusters': 2, 'percentile_range': (1, 99), 'train_data': '../data/train2/ads-5.csv', 'treshold': 0.5}",0.008101851851851851,0.011428571428571429,0.00976521164021164,0.0016633597883597886,8
1.8497304916381836,0.054712533950805664,109.24113667011261,1.5003772974014282,8,-0.5,3,0.5,DBscan,100,0.01,0.2,0.8,500,1,10,100,2,"(1, 99)",../data/train2/ads-5.csv,0.5,"{'K': 8, 'LL': -0.5, 'N_latent': 3, 'UL': 0.5, 'alg': 'DBscan', 'buff_size': 100, 'contamination': 0.01, 'db_treshold': 0.2, 'eps': 0.8, 'len_window': 500, 'max_features': 1, 'max_samples': 10, 'min_samples': 100, 'n_clusters': 2, 'percentile_range': (1, 99), 'train_data': '../data/train2/ads-5.csv', 'treshold': 0.5}",0.012259194395796848,0.016281062553556127,0.014270128474676487,0.0020109340788796396,4
1.783072829246521,0.04297792911529541,0.49531543254852295,0.002263665199279785,8,-0.5,3,0.5,DBscan,100,0.01,0.4,0.2,500,1,10,100,2,"(1, 99)",../data/train2/ads-5.csv,0.5,"{'K': 8, 'LL': -0.5, 'N_latent': 3, 'UL': 0.5, 'alg': 'DBscan', 'buff_size': 100, 'contamination': 0.01, 'db_treshold': 0.4, 'eps': 0.2, 'len_window': 500, 'max_features': 1, 'max_samples': 10, 'min_samples': 100, 'n_clusters': 2, 'percentile_range': (1, 99), 'train_data': '../data/train2/ads-5.csv', 'treshold': 0.5}",0.0066857688634192934,0.009551098376313277,0.008118433619866285,0.0014326647564469916,9
1.7494701147079468,0.00625765323638916,0.4941481351852417,0.0026358366012573242,8,-0.5,3,0.5,DBscan,100,0.01,0.4,0.4,500,1,10,100,2,"(1, 99)",../data/train2/ads-5.csv,0.5,"{'K': 8, 'LL': -0.5, 'N_latent': 3, 'UL': 0.5, 'alg': 'DBscan', 'buff_size': 100, 'contamination': 0.01, 'db_treshold': 0.4, 'eps': 0.4, 'len_window': 500, 'max_features': 1, 'max_samples': 10, 'min_samples': 100, 'n_clusters': 2, 'percentile_range': (1, 99), 'train_data': '../data/train2/ads-5.csv', 'treshold': 0.5}",0.0066857688634192934,0.009551098376313277,0.008118433619866285,0.0014326647564469916,9
1.8349955081939697,0.05133485794067383,40.847370743751526,0.009592413902282715,8,-0.5,3,0.5,DBscan,100,0.01,0.4,0.6000000000000001,500,1,10,100,2,"(1, 99)",../data/train2/ads-5.csv,0.5,"{'K': 8, 'LL': -0.5, 'N_latent': 3, 'UL': 0.5, 'alg': 'DBscan', 'buff_size': 100, 'contamination': 0.01, 'db_treshold': 0.4, 'eps': 0.6000000000000001, 'len_window': 500, 'max_features': 1, 'max_samples': 10, 'min_samples': 100, 'n_clusters': 2, 'percentile_range': (1, 99), 'train_data': '../data/train2/ads-5.csv', 'treshold': 0.5}",0.008900190718372537,0.011942174732872407,0.010421182725622473,0.0015209920072499347,7
1.8518202304840088,0.046886444091796875,92.71557807922363,1.6515486240386963,8,-0.5,3,0.5,DBscan,100,0.01,0.4,0.8,500,1,10,100,2,"(1, 99)",../data/train2/ads-5.csv,0.5,"{'K': 8, 'LL': -0.5, 'N_latent': 3, 'UL': 0.5, 'alg': 'DBscan', 'buff_size': 100, 'contamination': 0.01, 'db_treshold': 0.4, 'eps': 0.8, 'len_window': 500, 'max_features': 1, 'max_samples': 10, 'min_samples': 100, 'n_clusters': 2, 'percentile_range': (1, 99), 'train_data': '../data/train2/ads-5.csv', 'treshold': 0.5}",0.014198782961460446,0.017324350336862367,0.015761566649161406,0.0015627836877009603,3
1.7160230875015259,0.0051697492599487305,0.48601293563842773,0.004124641418457031,8,-0.5,3,0.5,DBscan,100,0.01,0.6000000000000001,0.2,500,1,10,100,2,"(1, 99)",../data/train2/ads-5.csv,0.5,"{'K': 8, 'LL': -0.5, 'N_latent': 3, 'UL': 0.5, 'alg': 'DBscan', 'buff_size': 100, 'contamination': 0.01, 'db_treshold': 0.6000000000000001, 'eps': 0.2, 'len_window': 500, 'max_features': 1, 'max_samples': 10, 'min_samples': 100, 'n_clusters': 2, 'percentile_range': (1, 99), 'train_data': '../data/train2/ads-5.csv', 'treshold': 0.5}",0.0066857688634192934,0.009551098376313277,0.008118433619866285,0.0014326647564469916,9
1.7556955814361572,0.006989955902099609,0.4897569417953491,0.0009566545486450195,8,-0.5,3,0.5,DBscan,100,0.01,0.6000000000000001,0.4,500,1,10,100,2,"(1, 99)",../data/train2/ads-5.csv,0.5,"{'K': 8, 'LL': -0.5, 'N_latent': 3, 'UL': 0.5, 'alg': 'DBscan', 'buff_size': 100, 'contamination': 0.01, 'db_treshold': 0.6000000000000001, 'eps': 0.4, 'len_window': 500, 'max_features': 1, 'max_samples': 10, 'min_samples': 100, 'n_clusters': 2, 'percentile_range': (1, 99), 'train_data': '../data/train2/ads-5.csv', 'treshold': 0.5}",0.0066857688634192934,0.009551098376313277,0.008118433619866285,0.0014326647564469916,9
1.812969446182251,0.042240142822265625,37.64477527141571,0.43911659717559814,8,-0.5,3,0.5,DBscan,100,0.01,0.6000000000000001,0.6000000000000001,500,1,10,100,2,"(1, 99)",../data/train2/ads-5.csv,0.5,"{'K': 8, 'LL': -0.5, 'N_latent': 3, 'UL': 0.5, 'alg': 'DBscan', 'buff_size': 100, 'contamination': 0.01, 'db_treshold': 0.6000000000000001, 'eps': 0.6000000000000001, 'len_window': 500, 'max_features': 1, 'max_samples': 10, 'min_samples': 100, 'n_clusters': 2, 'percentile_range': (1, 99), 'train_data': '../data/train2/ads-5.csv', 'treshold': 0.5}",0.009749303621169917,0.012872628726287264,0.01131096617372859,0.0015616625525586734,6
1.8296983242034912,0.04529547691345215,82.01483750343323,2.0277788639068604,8,-0.5,3,0.5,DBscan,100,0.01,0.6000000000000001,0.8,500,1,10,100,2,"(1, 99)",../data/train2/ads-5.csv,0.5,"{'K': 8, 'LL': -0.5, 'N_latent': 3, 'UL': 0.5, 'alg': 'DBscan', 'buff_size': 100, 'contamination': 0.01, 'db_treshold': 0.6000000000000001, 'eps': 0.8, 'len_window': 500, 'max_features': 1, 'max_samples': 10, 'min_samples': 100, 'n_clusters': 2, 'percentile_range': (1, 99), 'train_data': '../data/train2/ads-5.csv', 'treshold': 0.5}",0.013528748590755355,0.0192102454642476,0.016369497027501477,0.0028407484367461225,2
1.7125296592712402,0.0010433197021484375,0.47580182552337646,0.0005439519882202148,8,-0.5,3,0.5,DBscan,100,0.01,0.8,0.2,500,1,10,100,2,"(1, 99)",../data/train2/ads-5.csv,0.5,"{'K': 8, 'LL': -0.5, 'N_latent': 3, 'UL': 0.5, 'alg': 'DBscan', 'buff_size': 100, 'contamination': 0.01, 'db_treshold': 0.8, 'eps': 0.2, 'len_window': 500, 'max_features': 1, 'max_samples': 10, 'min_samples': 100, 'n_clusters': 2, 'percentile_range': (1, 99), 'train_data': '../data/train2/ads-5.csv', 'treshold': 0.5}",0.0066857688634192934,0.009551098376313277,0.008118433619866285,0.0014326647564469916,9
1.7670321464538574,0.047444820404052734,0.4766179323196411,0.000790715217590332,8,-0.5,3,0.5,DBscan,100,0.01,0.8,0.4,500,1,10,100,2,"(1, 99)",../data/train2/ads-5.csv,0.5,"{'K': 8, 'LL': -0.5, 'N_latent': 3, 'UL': 0.5, 'alg': 'DBscan', 'buff_size': 100, 'contamination': 0.01, 'db_treshold': 0.8, 'eps': 0.4, 'len_window': 500, 'max_features': 1, 'max_samples': 10, 'min_samples': 100, 'n_clusters': 2, 'percentile_range': (1, 99), 'train_data': '../data/train2/ads-5.csv', 'treshold': 0.5}",0.0066857688634192934,0.009551098376313277,0.008118433619866285,0.0014326647564469916,9
1.7563644647598267,0.011453509330749512,34.88656795024872,0.6046181917190552,8,-0.5,3,0.5,DBscan,100,0.01,0.8,0.6000000000000001,500,1,10,100,2,"(1, 99)",../data/train2/ads-5.csv,0.5,"{'K': 8, 'LL': -0.5, 'N_latent': 3, 'UL': 0.5, 'alg': 'DBscan', 'buff_size': 100, 'contamination': 0.01, 'db_treshold': 0.8, 'eps': 0.6000000000000001, 'len_window': 500, 'max_features': 1, 'max_samples': 10, 'min_samples': 100, 'n_clusters': 2, 'percentile_range': (1, 99), 'train_data': '../data/train2/ads-5.csv', 'treshold': 0.5}",0.010494752623688156,0.013768115942028985,0.01213143428285857,0.0016366816591704145,5
1.8371608257293701,0.04154825210571289,75.03067338466644,1.849843144416809,8,-0.5,3,0.5,DBscan,100,0.01,0.8,0.8,500,1,10,100,2,"(1, 99)",../data/train2/ads-5.csv,0.5,"{'K': 8, 'LL': -0.5, 'N_latent': 3, 'UL': 0.5, 'alg': 'DBscan', 'buff_size': 100, 'contamination': 0.01, 'db_treshold': 0.8, 'eps': 0.8, 'len_window': 500, 'max_features': 1, 'max_samples': 10, 'min_samples': 100, 'n_clusters': 2, 'percentile_range': (1, 99), 'train_data': '../data/train2/ads-5.csv', 'treshold': 0.5}",0.014616321559074299,0.019721577726218097,0.017168949642646196,0.002552628083571899,1
1.7403696775436401,0.0148085355758667,0.4921070337295532,0.0016003847122192383,8,-0.5,3,0.5,DBscan,100,0.01,0.2,0.2,500,1,10,100,2,"(1, 99)",../data/train2/ads-6.csv,0.5,"{'K': 8, 'LL': -0.5, 'N_latent': 3, 'UL': 0.5, 'alg': 'DBscan', 'buff_size': 100, 'contamination': 0.01, 'db_treshold': 0.2, 'eps': 0.2, 'len_window': 500, 'max_features': 1, 'max_samples': 10, 'min_samples': 100, 'n_clusters': 2, 'percentile_range': (1, 99), 'train_data': '../data/train2/ads-6.csv', 'treshold': 0.5}",0.0057306590257879654,0.0052531041069723014,0.0054918815663801334,0.000238777459407832,9
1.7627081871032715,0.022087574005126953,0.49569034576416016,0.0062122344970703125,8,-0.5,3,0.5,DBscan,100,0.01,0.2,0.4,500,1,10,100,2,"(1, 99)",../data/train2/ads-6.csv,0.5,"{'K': 8, 'LL': -0.5, 'N_latent': 3, 'UL': 0.5, 'alg': 'DBscan', 'buff_size': 100, 'contamination': 0.01, 'db_treshold': 0.2, 'eps': 0.4, 'len_window': 500, 'max_features': 1, 'max_samples': 10, 'min_samples': 100, 'n_clusters': 2, 'percentile_range': (1, 99), 'train_data': '../data/train2/ads-6.csv', 'treshold': 0.5}",0.0057306590257879654,0.0052531041069723014,0.0054918815663801334,0.000238777459407832,9
1.8058871030807495,0.06181919574737549,1.4008375406265259,0.010290741920471191,8,-0.5,3,0.5,DBscan,100,0.01,0.2,0.6000000000000001,500,1,10,100,2,"(1, 99)",../data/train2/ads-6.csv,0.5,"{'K': 8, 'LL': -0.5, 'N_latent': 3, 'UL': 0.5, 'alg': 'DBscan', 'buff_size': 100, 'contamination': 0.01, 'db_treshold': 0.2, 'eps': 0.6000000000000001, 'len_window': 500, 'max_features': 1, 'max_samples': 10, 'min_samples': 100, 'n_clusters': 2, 'percentile_range': (1, 99), 'train_data': '../data/train2/ads-6.csv', 'treshold': 0.5}",0.005794302269435055,0.005303760848601736,0.005549031559018395,0.00024527071041665965,8
1.815276861190796,0.044168949127197266,87.42865538597107,0.2914097309112549,8,-0.5,3,0.5,DBscan,100,0.01,0.2,0.8,500,1,10,100,2,"(1, 99)",../data/train2/ads-6.csv,0.5,"{'K': 8, 'LL': -0.5, 'N_latent': 3, 'UL': 0.5, 'alg': 'DBscan', 'buff_size': 100, 'contamination': 0.01, 'db_treshold': 0.2, 'eps': 0.8, 'len_window': 500, 'max_features': 1, 'max_samples': 10, 'min_samples': 100, 'n_clusters': 2, 'percentile_range': (1, 99), 'train_data': '../data/train2/ads-6.csv', 'treshold': 0.5}",0.008547008547008548,0.007902298850574713,0.00822465369879163,0.00032235484821691723,4
1.714318037033081,0.0003399848937988281,0.47911131381988525,0.002865910530090332,8,-0.5,3,0.5,DBscan,100,0.01,0.4,0.2,500,1,10,100,2,"(1, 99)",../data/train2/ads-6.csv,0.5,"{'K': 8, 'LL': -0.5, 'N_latent': 3, 'UL': 0.5, 'alg': 'DBscan', 'buff_size': 100, 'contamination': 0.01, 'db_treshold': 0.4, 'eps': 0.2, 'len_window': 500, 'max_features': 1, 'max_samples': 10, 'min_samples': 100, 'n_clusters': 2, 'percentile_range': (1, 99), 'train_data': '../data/train2/ads-6.csv', 'treshold': 0.5}",0.0057306590257879654,0.0052531041069723014,0.0054918815663801334,0.000238777459407832,9
1.7764087915420532,0.04512941837310791,0.48468196392059326,0.0033527612686157227,8,-0.5,3,0.5,DBscan,100,0.01,0.4,0.4,500,1,10,100,2,"(1, 99)",../data/train2/ads-6.csv,0.5,"{'K': 8, 'LL': -0.5, 'N_latent': 3, 'UL': 0.5, 'alg': 'DBscan', 'buff_size': 100, 'contamination': 0.01, 'db_treshold': 0.4, 'eps': 0.4, 'len_window': 500, 'max_features': 1, 'max_samples': 10, 'min_samples': 100, 'n_clusters': 2, 'percentile_range': (1, 99), 'train_data': '../data/train2/ads-6.csv', 'treshold': 0.5}",0.0057306590257879654,0.0052531041069723014,0.0054918815663801334,0.000238777459407832,9
1.7524189949035645,0.0007102489471435547,1.414441466331482,0.005033135414123535,8,-0.5,3,0.5,DBscan,100,0.01,0.4,0.6000000000000001,500,1,10,100,2,"(1, 99)",../data/train2/ads-6.csv,0.5,"{'K': 8, 'LL': -0.5, 'N_latent': 3, 'UL': 0.5, 'alg': 'DBscan', 'buff_size': 100, 'contamination': 0.01, 'db_treshold': 0.4, 'eps': 0.6000000000000001, 'len_window': 500, 'max_features': 1, 'max_samples': 10, 'min_samples': 100, 'n_clusters': 2, 'percentile_range': (1, 99), 'train_data': '../data/train2/ads-6.csv', 'treshold': 0.5}",0.005885237861696911,0.0054160512063023145,0.0056506445339996126,0.00023459332769729807,7
1.8252512216567993,0.034417033195495605,76.9210010766983,0.2980228662490845,8,-0.5,3,0.5,DBscan,100,0.01,0.4,0.8,500,1,10,100,2,"(1, 99)",../data/train2/ads-6.csv,0.5,"{'K': 8, 'LL': -0.5, 'N_latent': 3, 'UL': 0.5, 'alg': 'DBscan', 'buff_size': 100, 'contamination': 0.01, 'db_treshold': 0.4, 'eps': 0.8, 'len_window': 500, 'max_features': 1, 'max_samples': 10, 'min_samples': 100, 'n_clusters': 2, 'percentile_range': (1, 99), 'train_data': '../data/train2/ads-6.csv', 'treshold': 0.5}",0.009584664536741214,0.007252215954875101,0.008418440245808158,0.0011662242909330563,3
1.7154145240783691,0.0025649070739746094,0.4847531318664551,0.0035915374755859375,8,-0.5,3,0.5,DBscan,100,0.01,0.6000000000000001,0.2,500,1,10,100,2,"(1, 99)",../data/train2/ads-6.csv,0.5,"{'K': 8, 'LL': -0.5, 'N_latent': 3, 'UL': 0.5, 'alg': 'DBscan', 'buff_size': 100, 'contamination': 0.01, 'db_treshold': 0.6000000000000001, 'eps': 0.2, 'len_window': 500, 'max_features': 1, 'max_samples': 10, 'min_samples': 100, 'n_clusters': 2, 'percentile_range': (1, 99), 'train_data': '../data/train2/ads-6.csv', 'treshold': 0.5}",0.0057306590257879654,0.0052531041069723014,0.0054918815663801334,0.000238777459407832,9
1.781567096710205,0.04147815704345703,0.4869372844696045,0.002236604690551758,8,-0.5,3,0.5,DBscan,100,0.01,0.6000000000000001,0.4,500,1,10,100,2,"(1, 99)",../data/train2/ads-6.csv,0.5,"{'K': 8, 'LL': -0.5, 'N_latent': 3, 'UL': 0.5, 'alg': 'DBscan', 'buff_size': 100, 'contamination': 0.01, 'db_treshold': 0.6000000000000001, 'eps': 0.4, 'len_window': 500, 'max_features': 1, 'max_samples': 10, 'min_samples': 100, 'n_clusters': 2, 'percentile_range': (1, 99), 'train_data': '../data/train2/ads-6.csv', 'treshold': 0.5}",0.0057306590257879654,0.0052531041069723014,0.0054918815663801334,0.000238777459407832,9
1.7534524202346802,0.003786444664001465,1.4117640256881714,0.002941727638244629,8,-0.5,3,0.5,DBscan,100,0.01,0.6000000000000001,0.6000000000000001,500,1,10,100,2,"(1, 99)",../data/train2/ads-6.csv,0.5,"{'K': 8, 'LL': -0.5, 'N_latent': 3, 'UL': 0.5, 'alg': 'DBscan', 'buff_size': 100, 'contamination': 0.01, 'db_treshold': 0.6000000000000001, 'eps': 0.6000000000000001, 'len_window': 500, 'max_features': 1, 'max_samples': 10, 'min_samples': 100, 'n_clusters': 2, 'percentile_range': (1, 99), 'train_data': '../data/train2/ads-6.csv', 'treshold': 0.5}",0.00606366851945427,0.005533199195171026,0.005798433857312648,0.00026523466214162196,6
1.7752872705459595,0.0028923749923706055,69.43869888782501,0.23054254055023193,8,-0.5,3,0.5,DBscan,100,0.01,0.6000000000000001,0.8,500,1,10,100,2,"(1, 99)",../data/train2/ads-6.csv,0.5,"{'K': 8, 'LL': -0.5, 'N_latent': 3, 'UL': 0.5, 'alg': 'DBscan', 'buff_size': 100, 'contamination': 0.01, 'db_treshold': 0.6000000000000001, 'eps': 0.8, 'len_window': 500, 'max_features': 1, 'max_samples': 10, 'min_samples': 100, 'n_clusters': 2, 'percentile_range': (1, 99), 'train_data': '../data/train2/ads-6.csv', 'treshold': 0.5}",0.009623797025371828,0.007894736842105263,0.008759266933738546,0.0008645300916332822,2
1.729441523551941,0.0039550065994262695,0.49232351779937744,0.0016661882400512695,8,-0.5,3,0.5,DBscan,100,0.01,0.8,0.2,500,1,10,100,2,"(1, 99)",../data/train2/ads-6.csv,0.5,"{'K': 8, 'LL': -0.5, 'N_latent': 3, 'UL': 0.5, 'alg': 'DBscan', 'buff_size': 100, 'contamination': 0.01, 'db_treshold': 0.8, 'eps': 0.2, 'len_window': 500, 'max_features': 1, 'max_samples': 10, 'min_samples': 100, 'n_clusters': 2, 'percentile_range': (1, 99), 'train_data': '../data/train2/ads-6.csv', 'treshold': 0.5}",0.0057306590257879654,0.0052531041069723014,0.0054918815663801334,0.000238777459407832,9
1.806313395500183,0.03763377666473389,0.508063554763794,0.004107952117919922,8,-0.5,3,0.5,DBscan,100,0.01,0.8,0.4,500,1,10,100,2,"(1, 99)",../data/train2/ads-6.csv,0.5,"{'K': 8, 'LL': -0.5, 'N_latent': 3, 'UL': 0.5, 'alg': 'DBscan', 'buff_size': 100, 'contamination': 0.01, 'db_treshold': 0.8, 'eps': 0.4, 'len_window': 500, 'max_features': 1, 'max_samples': 10, 'min_samples': 100, 'n_clusters': 2, 'percentile_range': (1, 99), 'train_data': '../data/train2/ads-6.csv', 'treshold': 0.5}",0.0057306590257879654,0.0052531041069723014,0.0054918815663801334,0.000238777459407832,9
1.8020427227020264,0.0013930797576904297,1.4792699813842773,0.003514528274536133,8,-0.5,3,0.5,DBscan,100,0.01,0.8,0.6000000000000001,500,1,10,100,2,"(1, 99)",../data/train2/ads-6.csv,0.5,"{'K': 8, 'LL': -0.5, 'N_latent': 3, 'UL': 0.5, 'alg': 'DBscan', 'buff_size': 100, 'contamination': 0.01, 'db_treshold': 0.8, 'eps': 0.6000000000000001, 'len_window': 500, 'max_features': 1, 'max_samples': 10, 'min_samples': 100, 'n_clusters': 2, 'percentile_range': (1, 99), 'train_data': '../data/train2/ads-6.csv', 'treshold': 0.5}",0.006214396685655101,0.005690636316606311,0.005952516501130706,0.0002618801845243948,5
1.7901978492736816,0.021027803421020508,64.56705641746521,0.03383374214172363,8,-0.5,3,0.5,DBscan,100,0.01,0.8,0.8,500,1,10,100,2,"(1, 99)",../data/train2/ads-6.csv,0.5,"{'K': 8, 'LL': -0.5, 'N_latent': 3, 'UL': 0.5, 'alg': 'DBscan', 'buff_size': 100, 'contamination': 0.01, 'db_treshold': 0.8, 'eps': 0.8, 'len_window': 500, 'max_features': 1, 'max_samples': 10, 'min_samples': 100, 'n_clusters': 2, 'percentile_range': (1, 99), 'train_data': '../data/train2/ads-6.csv', 'treshold': 0.5}",0.010357815442561206,0.008466603951081843,0.009412209696821525,0.0009456057457396813,1
1.7628343105316162,0.03491568565368652,0.4863870143890381,0.004715442657470703,8,-0.5,3,0.5,DBscan,100,0.01,0.2,0.2,500,1,10,100,2,"(1, 99)",../data/train2/ads-7.csv,0.5,"{'K': 8, 'LL': -0.5, 'N_latent': 3, 'UL': 0.5, 'alg': 'DBscan', 'buff_size': 100, 'contamination': 0.01, 'db_treshold': 0.2, 'eps': 0.2, 'len_window': 500, 'max_features': 1, 'max_samples': 10, 'min_samples': 100, 'n_clusters': 2, 'percentile_range': (1, 99), 'train_data': '../data/train2/ads-7.csv', 'treshold': 0.5}",0.0062082139446036294,0.0066857688634192934,0.0064469914040114614,0.000238777459407832,7
1.732215404510498,0.0024137496948242188,0.4873979091644287,2.002716064453125e-05,8,-0.5,3,0.5,DBscan,100,0.01,0.2,0.4,500,1,10,100,2,"(1, 99)",../data/train2/ads-7.csv,0.5,"{'K': 8, 'LL': -0.5, 'N_latent': 3, 'UL': 0.5, 'alg': 'DBscan', 'buff_size': 100, 'contamination': 0.01, 'db_treshold': 0.2, 'eps': 0.4, 'len_window': 500, 'max_features': 1, 'max_samples': 10, 'min_samples': 100, 'n_clusters': 2, 'percentile_range': (1, 99), 'train_data': '../data/train2/ads-7.csv', 'treshold': 0.5}",0.0062082139446036294,0.0066857688634192934,0.0064469914040114614,0.000238777459407832,7
1.7849217653274536,0.038228631019592285,0.5740938186645508,0.004458189010620117,8,-0.5,3,0.5,DBscan,100,0.01,0.2,0.6000000000000001,500,1,10,100,2,"(1, 99)",../data/train2/ads-7.csv,0.5,"{'K': 8, 'LL': -0.5, 'N_latent': 3, 'UL': 0.5, 'alg': 'DBscan', 'buff_size': 100, 'contamination': 0.01, 'db_treshold': 0.2, 'eps': 0.6000000000000001, 'len_window': 500, 'max_features': 1, 'max_samples': 10, 'min_samples': 100, 'n_clusters': 2, 'percentile_range': (1, 99), 'train_data': '../data/train2/ads-7.csv', 'treshold': 0.5}",0.006220095693779904,0.0066857688634192934,0.006452932278599599,0.00023283658481969456,6
1.7677665948867798,0.01859152317047119,51.65795290470123,0.119423508644104,8,-0.5,3,0.5,DBscan,100,0.01,0.2,0.8,500,1,10,100,2,"(1, 99)",../data/train2/ads-7.csv,0.5,"{'K': 8, 'LL': -0.5, 'N_latent': 3, 'UL': 0.5, 'alg': 'DBscan', 'buff_size': 100, 'contamination': 0.01, 'db_treshold': 0.2, 'eps': 0.8, 'len_window': 500, 'max_features': 1, 'max_samples': 10, 'min_samples': 100, 'n_clusters': 2, 'percentile_range': (1, 99), 'train_data': '../data/train2/ads-7.csv', 'treshold': 0.5}",0.006310958118187034,0.008004574042309892,0.0071577660802484636,0.000846807962061429,4
1.7804063558578491,0.04597175121307373,0.4962121248245239,0.00501859188079834,8,-0.5,3,0.5,DBscan,100,0.01,0.4,0.2,500,1,10,100,2,"(1, 99)",../data/train2/ads-7.csv,0.5,"{'K': 8, 'LL': -0.5, 'N_latent': 3, 'UL': 0.5, 'alg': 'DBscan', 'buff_size': 100, 'contamination': 0.01, 'db_treshold': 0.4, 'eps': 0.2, 'len_window': 500, 'max_features': 1, 'max_samples': 10, 'min_samples': 100, 'n_clusters': 2, 'percentile_range': (1, 99), 'train_data': '../data/train2/ads-7.csv', 'treshold': 0.5}",0.0062082139446036294,0.0066857688634192934,0.0064469914040114614,0.000238777459407832,7
1.7325471639633179,0.005459904670715332,0.48827505111694336,0.004243373870849609,8,-0.5,3,0.5,DBscan,100,0.01,0.4,0.4,500,1,10,100,2,"(1, 99)",../data/train2/ads-7.csv,0.5,"{'K': 8, 'LL': -0.5, 'N_latent': 3, 'UL': 0.5, 'alg': 'DBscan', 'buff_size': 100, 'contamination': 0.01, 'db_treshold': 0.4, 'eps': 0.4, 'len_window': 500, 'max_features': 1, 'max_samples': 10, 'min_samples': 100, 'n_clusters': 2, 'percentile_range': (1, 99), 'train_data': '../data/train2/ads-7.csv', 'treshold': 0.5}",0.0062082139446036294,0.0066857688634192934,0.0064469914040114614,0.000238777459407832,7
1.7849584817886353,0.04214942455291748,0.574634313583374,0.0016477108001708984,8,-0.5,3,0.5,DBscan,100,0.01,0.4,0.6000000000000001,500,1,10,100,2,"(1, 99)",../data/train2/ads-7.csv,0.5,"{'K': 8, 'LL': -0.5, 'N_latent': 3, 'UL': 0.5, 'alg': 'DBscan', 'buff_size': 100, 'contamination': 0.01, 'db_treshold': 0.4, 'eps': 0.6000000000000001, 'len_window': 500, 'max_features': 1, 'max_samples': 10, 'min_samples': 100, 'n_clusters': 2, 'percentile_range': (1, 99), 'train_data': '../data/train2/ads-7.csv', 'treshold': 0.5}",0.006223073240785065,0.006701771182383916,0.00646242221158449,0.00023934897079942556,5
1.7610194683074951,0.00012946128845214844,47.18208050727844,0.1722733974456787,8,-0.5,3,0.5,DBscan,100,0.01,0.4,0.8,500,1,10,100,2,"(1, 99)",../data/train2/ads-7.csv,0.5,"{'K': 8, 'LL': -0.5, 'N_latent': 3, 'UL': 0.5, 'alg': 'DBscan', 'buff_size': 100, 'contamination': 0.01, 'db_treshold': 0.4, 'eps': 0.8, 'len_window': 500, 'max_features': 1, 'max_samples': 10, 'min_samples': 100, 'n_clusters': 2, 'percentile_range': (1, 99), 'train_data': '../data/train2/ads-7.csv', 'treshold': 0.5}",0.006819590824550527,0.008647313156269302,0.007733451990409914,0.0009138611658593872,3
1.7648019790649414,0.04099845886230469,0.48456263542175293,0.0001308917999267578,8,-0.5,3,0.5,DBscan,100,0.01,0.6000000000000001,0.2,500,1,10,100,2,"(1, 99)",../data/train2/ads-7.csv,0.5,"{'K': 8, 'LL': -0.5, 'N_latent': 3, 'UL': 0.5, 'alg': 'DBscan', 'buff_size': 100, 'contamination': 0.01, 'db_treshold': 0.6000000000000001, 'eps': 0.2, 'len_window': 500, 'max_features': 1, 'max_samples': 10, 'min_samples': 100, 'n_clusters': 2, 'percentile_range': (1, 99), 'train_data': '../data/train2/ads-7.csv', 'treshold': 0.5}",0.0062082139446036294,0.0066857688634192934,0.0064469914040114614,0.000238777459407832,7
1.7313885688781738,0.003541231155395508,0.48821163177490234,0.0016722679138183594,8,-0.5,3,0.5,DBscan,100,0.01,0.6000000000000001,0.4,500,1,10,100,2,"(1, 99)",../data/train2/ads-7.csv,0.5,"{'K': 8, 'LL': -0.5, 'N_latent': 3, 'UL': 0.5, 'alg': 'DBscan', 'buff_size': 100, 'contamination': 0.01, 'db_treshold': 0.6000000000000001, 'eps': 0.4, 'len_window': 500, 'max_features': 1, 'max_samples': 10, 'min_samples': 100, 'n_clusters': 2, 'percentile_range': (1, 99), 'train_data': '../data/train2/ads-7.csv', 'treshold': 0.5}",0.0062082139446036294,0.0066857688634192934,0.0064469914040114614,0.000238777459407832,7
1.800123691558838,0.04535794258117676,0.5834642648696899,0.0014835596084594727,8,-0.5,3,0.5,DBscan,100,0.01,0.6000000000000001,0.6000000000000001,500,1,10,100,2,"(1, 99)",../data/train2/ads-7.csv,0.5,"{'K': 8, 'LL': -0.5, 'N_latent': 3, 'UL': 0.5, 'alg': 'DBscan', 'buff_size': 100, 'contamination': 0.01, 'db_treshold': 0.6000000000000001, 'eps': 0.6000000000000001, 'len_window': 500, 'max_features': 1, 'max_samples': 10, 'min_samples': 100, 'n_clusters': 2, 'percentile_range': (1, 99), 'train_data': '../data/train2/ads-7.csv', 'treshold': 0.5}",0.005752636625119847,0.00672107537205953,0.006236855998589688,0.00048421937346984157,16
1.764198899269104,0.002629876136779785,43.995386481285095,0.429928183555603,8,-0.5,3,0.5,DBscan,100,0.01,0.6000000000000001,0.8,500,1,10,100,2,"(1, 99)",../data/train2/ads-7.csv,0.5,"{'K': 8, 'LL': -0.5, 'N_latent': 3, 'UL': 0.5, 'alg': 'DBscan', 'buff_size': 100, 'contamination': 0.01, 'db_treshold': 0.6000000000000001, 'eps': 0.8, 'len_window': 500, 'max_features': 1, 'max_samples': 10, 'min_samples': 100, 'n_clusters': 2, 'percentile_range': (1, 99), 'train_data': '../data/train2/ads-7.csv', 'treshold': 0.5}",0.007488087134104833,0.009320905459387484,0.008404496296746158,0.0009164091626413253,2
1.7611855268478394,0.04016149044036865,0.4885876178741455,1.33514404296875e-05,8,-0.5,3,0.5,DBscan,100,0.01,0.8,0.2,500,1,10,100,2,"(1, 99)",../data/train2/ads-7.csv,0.5,"{'K': 8, 'LL': -0.5, 'N_latent': 3, 'UL': 0.5, 'alg': 'DBscan', 'buff_size': 100, 'contamination': 0.01, 'db_treshold': 0.8, 'eps': 0.2, 'len_window': 500, 'max_features': 1, 'max_samples': 10, 'min_samples': 100, 'n_clusters': 2, 'percentile_range': (1, 99), 'train_data': '../data/train2/ads-7.csv', 'treshold': 0.5}",0.0062082139446036294,0.0066857688634192934,0.0064469914040114614,0.000238777459407832,7
1.7316889762878418,0.0005168914794921875,0.4848238229751587,0.0018821954727172852,8,-0.5,3,0.5,DBscan,100,0.01,0.8,0.4,500,1,10,100,2,"(1, 99)",../data/train2/ads-7.csv,0.5,"{'K': 8, 'LL': -0.5, 'N_latent': 3, 'UL': 0.5, 'alg': 'DBscan', 'buff_size': 100, 'contamination': 0.01, 'db_treshold': 0.8, 'eps': 0.4, 'len_window': 500, 'max_features': 1, 'max_samples': 10, 'min_samples': 100, 'n_clusters': 2, 'percentile_range': (1, 99), 'train_data': '../data/train2/ads-7.csv', 'treshold': 0.5}",0.0062082139446036294,0.0066857688634192934,0.0064469914040114614,0.000238777459407832,7
1.7895106077194214,0.043228745460510254,0.5762991905212402,0.002969026565551758,8,-0.5,3,0.5,DBscan,100,0.01,0.8,0.6000000000000001,500,1,10,100,2,"(1, 99)",../data/train2/ads-7.csv,0.5,"{'K': 8, 'LL': -0.5, 'N_latent': 3, 'UL': 0.5, 'alg': 'DBscan', 'buff_size': 100, 'contamination': 0.01, 'db_treshold': 0.8, 'eps': 0.6000000000000001, 'len_window': 500, 'max_features': 1, 'max_samples': 10, 'min_samples': 100, 'n_clusters': 2, 'percentile_range': (1, 99), 'train_data': '../data/train2/ads-7.csv', 'treshold': 0.5}",0.0057692307692307696,0.006730769230769231,0.00625,0.0004807692307692308,15
1.76914381980896,0.009440422058105469,41.045684695243835,0.3042856454849243,8,-0.5,3,0.5,DBscan,100,0.01,0.8,0.8,500,1,10,100,2,"(1, 99)",../data/train2/ads-7.csv,0.5,"{'K': 8, 'LL': -0.5, 'N_latent': 3, 'UL': 0.5, 'alg': 'DBscan', 'buff_size': 100, 'contamination': 0.01, 'db_treshold': 0.8, 'eps': 0.8, 'len_window': 500, 'max_features': 1, 'max_samples': 10, 'min_samples': 100, 'n_clusters': 2, 'percentile_range': (1, 99), 'train_data': '../data/train2/ads-7.csv', 'treshold': 0.5}",0.008023340627279359,0.0099644128113879,0.008993876719333629,0.0009705360920542706,1
1.7762281894683838,0.05064511299133301,0.49109315872192383,0.003226757049560547,8,-0.5,3,0.5,DBscan,100,0.01,0.2,0.2,500,1,10,100,2,"(1, 99)",../data/train2/ads-8.csv,0.5,"{'K': 8, 'LL': -0.5, 'N_latent': 3, 'UL': 0.5, 'alg': 'DBscan', 'buff_size': 100, 'contamination': 0.01, 'db_treshold': 0.2, 'eps': 0.2, 'len_window': 500, 'max_features': 1, 'max_samples': 10, 'min_samples': 100, 'n_clusters': 2, 'percentile_range': (1, 99), 'train_data': '../data/train2/ads-8.csv', 'treshold': 0.5}",0.0038204393505253103,0.0038204393505253103,0.0038204393505253103,0.0,5
1.7439281940460205,0.011974811553955078,0.49312901496887207,0.0016620159149169922,8,-0.5,3,0.5,DBscan,100,0.01,0.2,0.4,500,1,10,100,2,"(1, 99)",../data/train2/ads-8.csv,0.5,"{'K': 8, 'LL': -0.5, 'N_latent': 3, 'UL': 0.5, 'alg': 'DBscan', 'buff_size': 100, 'contamination': 0.01, 'db_treshold': 0.2, 'eps': 0.4, 'len_window': 500, 'max_features': 1, 'max_samples': 10, 'min_samples': 100, 'n_clusters': 2, 'percentile_range': (1, 99), 'train_data': '../data/train2/ads-8.csv', 'treshold': 0.5}",0.0038204393505253103,0.0038204393505253103,0.0038204393505253103,0.0,5
1.7919888496398926,0.04544687271118164,0.4890381097793579,0.0032819509506225586,8,-0.5,3,0.5,DBscan,100,0.01,0.2,0.6000000000000001,500,1,10,100,2,"(1, 99)",../data/train2/ads-8.csv,0.5,"{'K': 8, 'LL': -0.5, 'N_latent': 3, 'UL': 0.5, 'alg': 'DBscan', 'buff_size': 100, 'contamination': 0.01, 'db_treshold': 0.2, 'eps': 0.6000000000000001, 'len_window': 500, 'max_features': 1, 'max_samples': 10, 'min_samples': 100, 'n_clusters': 2, 'percentile_range': (1, 99), 'train_data': '../data/train2/ads-8.csv', 'treshold': 0.5}",0.0038204393505253103,0.0038204393505253103,0.0038204393505253103,0.0,5
1.7586030960083008,0.0005195140838623047,10.74305248260498,0.009763717651367188,8,-0.5,3,0.5,DBscan,100,0.01,0.2,0.8,500,1,10,100,2,"(1, 99)",../data/train2/ads-8.csv,0.5,"{'K': 8, 'LL': -0.5, 'N_latent': 3, 'UL': 0.5, 'alg': 'DBscan', 'buff_size': 100, 'contamination': 0.01, 'db_treshold': 0.2, 'eps': 0.8, 'len_window': 500, 'max_features': 1, 'max_samples': 10, 'min_samples': 100, 'n_clusters': 2, 'percentile_range': (1, 99), 'train_data': '../data/train2/ads-8.csv', 'treshold': 0.5}",0.003986048829098156,0.003954522985664854,0.0039702859073815055,1.5762921716651248e-05,4
1.771986722946167,0.03014850616455078,0.48961591720581055,0.0033681392669677734,8,-0.5,3,0.5,DBscan,100,0.01,0.4,0.2,500,1,10,100,2,"(1, 99)",../data/train2/ads-8.csv,0.5,"{'K': 8, 'LL': -0.5, 'N_latent': 3, 'UL': 0.5, 'alg': 'DBscan', 'buff_size': 100, 'contamination': 0.01, 'db_treshold': 0.4, 'eps': 0.2, 'len_window': 500, 'max_features': 1, 'max_samples': 10, 'min_samples': 100, 'n_clusters': 2, 'percentile_range': (1, 99), 'train_data': '../data/train2/ads-8.csv', 'treshold': 0.5}",0.0038204393505253103,0.0038204393505253103,0.0038204393505253103,0.0,5
1.7460983991622925,0.019420742988586426,0.4849752187728882,0.0018538236618041992,8,-0.5,3,0.5,DBscan,100,0.01,0.4,0.4,500,1,10,100,2,"(1, 99)",../data/train2/ads-8.csv,0.5,"{'K': 8, 'LL': -0.5, 'N_latent': 3, 'UL': 0.5, 'alg': 'DBscan', 'buff_size': 100, 'contamination': 0.01, 'db_treshold': 0.4, 'eps': 0.4, 'len_window': 500, 'max_features': 1, 'max_samples': 10, 'min_samples': 100, 'n_clusters': 2, 'percentile_range': (1, 99), 'train_data': '../data/train2/ads-8.csv', 'treshold': 0.5}",0.0038204393505253103,0.0038204393505253103,0.0038204393505253103,0.0,5
1.7796720266342163,0.03806793689727783,0.48399531841278076,0.0007838010787963867,8,-0.5,3,0.5,DBscan,100,0.01,0.4,0.6000000000000001,500,1,10,100,2,"(1, 99)",../data/train2/ads-8.csv,0.5,"{'K': 8, 'LL': -0.5, 'N_latent': 3, 'UL': 0.5, 'alg': 'DBscan', 'buff_size': 100, 'contamination': 0.01, 'db_treshold': 0.4, 'eps': 0.6000000000000001, 'len_window': 500, 'max_features': 1, 'max_samples': 10, 'min_samples': 100, 'n_clusters': 2, 'percentile_range': (1, 99), 'train_data': '../data/train2/ads-8.csv', 'treshold': 0.5}",0.0038204393505253103,0.0038204393505253103,0.0038204393505253103,0.0,5
1.7543060779571533,0.0044193267822265625,10.43017029762268,0.00791788101196289,8,-0.5,3,0.5,DBscan,100,0.01,0.4,0.8,500,1,10,100,2,"(1, 99)",../data/train2/ads-8.csv,0.5,"{'K': 8, 'LL': -0.5, 'N_latent': 3, 'UL': 0.5, 'alg': 'DBscan', 'buff_size': 100, 'contamination': 0.01, 'db_treshold': 0.4, 'eps': 0.8, 'len_window': 500, 'max_features': 1, 'max_samples': 10, 'min_samples': 100, 'n_clusters': 2, 'percentile_range': (1, 99), 'train_data': '../data/train2/ads-8.csv', 'treshold': 0.5}",0.004136504653567736,0.0040941658137154556,0.004115335233641595,2.1169419926140003e-05,3
1.7686569690704346,0.04517960548400879,0.4909273386001587,2.8252601623535156e-05,8,-0.5,3,0.5,DBscan,100,0.01,0.6000000000000001,0.2,500,1,10,100,2,"(1, 99)",../data/train2/ads-8.csv,0.5,"{'K': 8, 'LL': -0.5, 'N_latent': 3, 'UL': 0.5, 'alg': 'DBscan', 'buff_size': 100, 'contamination': 0.01, 'db_treshold': 0.6000000000000001, 'eps': 0.2, 'len_window': 500, 'max_features': 1, 'max_samples': 10, 'min_samples': 100, 'n_clusters': 2, 'percentile_range': (1, 99), 'train_data': '../data/train2/ads-8.csv', 'treshold': 0.5}",0.0038204393505253103,0.0038204393505253103,0.0038204393505253103,0.0,5
1.7380857467651367,0.0012881755828857422,0.4895516633987427,0.001664280891418457,8,-0.5,3,0.5,DBscan,100,0.01,0.6000000000000001,0.4,500,1,10,100,2,"(1, 99)",../data/train2/ads-8.csv,0.5,"{'K': 8, 'LL': -0.5, 'N_latent': 3, 'UL': 0.5, 'alg': 'DBscan', 'buff_size': 100, 'contamination': 0.01, 'db_treshold': 0.6000000000000001, 'eps': 0.4, 'len_window': 500, 'max_features': 1, 'max_samples': 10, 'min_samples': 100, 'n_clusters': 2, 'percentile_range': (1, 99), 'train_data': '../data/train2/ads-8.csv', 'treshold': 0.5}",0.0038204393505253103,0.0038204393505253103,0.0038204393505253103,0.0,5
1.7826632261276245,0.03742039203643799,0.48408079147338867,0.0024950504302978516,8,-0.5,3,0.5,DBscan,100,0.01,0.6000000000000001,0.6000000000000001,500,1,10,100,2,"(1, 99)",../data/train2/ads-8.csv,0.5,"{'K': 8, 'LL': -0.5, 'N_latent': 3, 'UL': 0.5, 'alg': 'DBscan', 'buff_size': 100, 'contamination': 0.01, 'db_treshold': 0.6000000000000001, 'eps': 0.6000000000000001, 'len_window': 500, 'max_features': 1, 'max_samples': 10, 'min_samples': 100, 'n_clusters': 2, 'percentile_range': (1, 99), 'train_data': '../data/train2/ads-8.csv', 'treshold': 0.5}",0.0038204393505253103,0.0038204393505253103,0.0038204393505253103,0.0,5
1.753246545791626,0.0018825531005859375,9.977034211158752,0.15058386325836182,8,-0.5,3,0.5,DBscan,100,0.01,0.6000000000000001,0.8,500,1,10,100,2,"(1, 99)",../data/train2/ads-8.csv,0.5,"{'K': 8, 'LL': -0.5, 'N_latent': 3, 'UL': 0.5, 'alg': 'DBscan', 'buff_size': 100, 'contamination': 0.01, 'db_treshold': 0.6000000000000001, 'eps': 0.8, 'len_window': 500, 'max_features': 1, 'max_samples': 10, 'min_samples': 100, 'n_clusters': 2, 'percentile_range': (1, 99), 'train_data': '../data/train2/ads-8.csv', 'treshold': 0.5}",0.004287245444801715,0.004301075268817204,0.00429416035680946,6.914912007744724e-06,2
1.7774314880371094,0.03063344955444336,0.48855137825012207,0.004093170166015625,8,-0.5,3,0.5,DBscan,100,0.01,0.8,0.2,500,1,10,100,2,"(1, 99)",../data/train2/ads-8.csv,0.5,"{'K': 8, 'LL': -0.5, 'N_latent': 3, 'UL': 0.5, 'alg': 'DBscan', 'buff_size': 100, 'contamination': 0.01, 'db_treshold': 0.8, 'eps': 0.2, 'len_window': 500, 'max_features': 1, 'max_samples': 10, 'min_samples': 100, 'n_clusters': 2, 'percentile_range': (1, 99), 'train_data': '../data/train2/ads-8.csv', 'treshold': 0.5}",0.0038204393505253103,0.0038204393505253103,0.0038204393505253103,0.0,5
1.7280786037445068,0.004076242446899414,0.48830366134643555,0.001470327377319336,8,-0.5,3,0.5,DBscan,100,0.01,0.8,0.4,500,1,10,100,2,"(1, 99)",../data/train2/ads-8.csv,0.5,"{'K': 8, 'LL': -0.5, 'N_latent': 3, 'UL': 0.5, 'alg': 'DBscan', 'buff_size': 100, 'contamination': 0.01, 'db_treshold': 0.8, 'eps': 0.4, 'len_window': 500, 'max_features': 1, 'max_samples': 10, 'min_samples': 100, 'n_clusters': 2, 'percentile_range': (1, 99), 'train_data': '../data/train2/ads-8.csv', 'treshold': 0.5}",0.0038204393505253103,0.0038204393505253103,0.0038204393505253103,0.0,5
1.7926260232925415,0.04842245578765869,0.49413609504699707,0.0016942024230957031,8,-0.5,3,0.5,DBscan,100,0.01,0.8,0.6000000000000001,500,1,10,100,2,"(1, 99)",../data/train2/ads-8.csv,0.5,"{'K': 8, 'LL': -0.5, 'N_latent': 3, 'UL': 0.5, 'alg': 'DBscan', 'buff_size': 100, 'contamination': 0.01, 'db_treshold': 0.8, 'eps': 0.6000000000000001, 'len_window': 500, 'max_features': 1, 'max_samples': 10, 'min_samples': 100, 'n_clusters': 2, 'percentile_range': (1, 99), 'train_data': '../data/train2/ads-8.csv', 'treshold': 0.5}",0.0038204393505253103,0.0038204393505253103,0.0038204393505253103,0.0,5
1.7782018184661865,0.00678706169128418,9.979926705360413,0.027796149253845215,8,-0.5,3,0.5,DBscan,100,0.01,0.8,0.8,500,1,10,100,2,"(1, 99)",../data/train2/ads-8.csv,0.5,"{'K': 8, 'LL': -0.5, 'N_latent': 3, 'UL': 0.5, 'alg': 'DBscan', 'buff_size': 100, 'contamination': 0.01, 'db_treshold': 0.8, 'eps': 0.8, 'len_window': 500, 'max_features': 1, 'max_samples': 10, 'min_samples': 100, 'n_clusters': 2, 'percentile_range': (1, 99), 'train_data': '../data/train2/ads-8.csv', 'treshold': 0.5}",0.004476776720761052,0.004464285714285714,0.004470531217523383,6.245503237669193e-06,1
